#,old_path,new_path,bytes,mimetype,role,db_referenced,ref_columns,old_uid_in_consolidation
1,08ae347a-f13a-498c-a420-b0ef0bf706c7/8d4a4d22-41c0-43ab-ba99-92750f81e335/995b30ce-b499-4332-9487-4d9d15f9763d_flux_mask.png,3ca10935-8c3d-4479-9a0c-8bfe8050840c/8d4a4d22-41c0-43ab-ba99-92750f81e335/995b30ce-b499-4332-9487-4d9d15f9763d_flux_mask.png,37683,image/png,flux-interim,yes,artist_looks.composition_recipe_json,yes
2,08ae347a-f13a-498c-a420-b0ef0bf706c7/8d4a4d22-41c0-43ab-ba99-92750f81e335/995b30ce-b499-4332-9487-4d9d15f9763d_flux_src.png,3ca10935-8c3d-4479-9a0c-8bfe8050840c/8d4a4d22-41c0-43ab-ba99-92750f81e335/995b30ce-b499-4332-9487-4d9d15f9763d_flux_src.png,1947152,image/png,flux-interim,yes,artist_looks.composition_recipe_json,yes
3,08ae347a-f13a-498c-a420-b0ef0bf706c7/8d4a4d22-41c0-43ab-ba99-92750f81e335/995b30ce-b499-4332-9487-4d9d15f9763d_mask.png,3ca10935-8c3d-4479-9a0c-8bfe8050840c/8d4a4d22-41c0-43ab-ba99-92750f81e335/995b30ce-b499-4332-9487-4d9d15f9763d_mask.png,67948,image/png,composite/other,yes,artist_looks.composition_recipe_json,yes
4,08ae347a-f13a-498c-a420-b0ef0bf706c7/8d4a4d22-41c0-43ab-ba99-92750f81e335/995b30ce-b499-4332-9487-4d9d15f9763d_pad_mask.png,3ca10935-8c3d-4479-9a0c-8bfe8050840c/8d4a4d22-41c0-43ab-ba99-92750f81e335/995b30ce-b499-4332-9487-4d9d15f9763d_pad_mask.png,68305,image/png,composite/other,yes,artist_looks.composition_recipe_json,yes
5,08ae347a-f13a-498c-a420-b0ef0bf706c7/8d4a4d22-41c0-43ab-ba99-92750f81e335/995b30ce-b499-4332-9487-4d9d15f9763d_pad_src.png,3ca10935-8c3d-4479-9a0c-8bfe8050840c/8d4a4d22-41c0-43ab-ba99-92750f81e335/995b30ce-b499-4332-9487-4d9d15f9763d_pad_src.png,3536954,image/png,composite/other,yes,artist_looks.composition_recipe_json,yes
6,08ae347a-f13a-498c-a420-b0ef0bf706c7/8d4a4d22-41c0-43ab-ba99-92750f81e335/995b30ce-b499-4332-9487-4d9d15f9763d_source1080.png,3ca10935-8c3d-4479-9a0c-8bfe8050840c/8d4a4d22-41c0-43ab-ba99-92750f81e335/995b30ce-b499-4332-9487-4d9d15f9763d_source1080.png,3534671,image/png,composite/other,yes,artist_looks.composition_recipe_json,yes
7,2179ae5d-c9bc-47e4-acdb-6aa1ac841f1b/8d4a4d22-41c0-43ab-ba99-92750f81e335/0ef973fa-ecac-4f17-9e76-658960d192d0.png,3ca10935-8c3d-4479-9a0c-8bfe8050840c/8d4a4d22-41c0-43ab-ba99-92750f81e335/0ef973fa-ecac-4f17-9e76-658960d192d0.png,1941374,image/png,composite/other,yes,artist_looks.generated_image_url|artist_looks.generated_storage_path,yes
8,2179ae5d-c9bc-47e4-acdb-6aa1ac841f1b/8d4a4d22-41c0-43ab-ba99-92750f81e335/13af0bf8-70f8-48bc-a224-e5ff8c5661c4.png,3ca10935-8c3d-4479-9a0c-8bfe8050840c/8d4a4d22-41c0-43ab-ba99-92750f81e335/13af0bf8-70f8-48bc-a224-e5ff8c5661c4.png,1818060,image/png,composite/other,yes,artist_looks.generated_image_url|artist_looks.generated_storage_path,yes
9,2179ae5d-c9bc-47e4-acdb-6aa1ac841f1b/8d4a4d22-41c0-43ab-ba99-92750f81e335/141e8fb8-e014-4b9f-8f66-d8e94682d703.jpg,3ca10935-8c3d-4479-9a0c-8bfe8050840c/8d4a4d22-41c0-43ab-ba99-92750f81e335/141e8fb8-e014-4b9f-8f66-d8e94682d703.jpg,319723,image/jpeg,composite/other,yes,artist_looks.generated_image_url|artist_looks.generated_storage_path,yes
10,2179ae5d-c9bc-47e4-acdb-6aa1ac841f1b/8d4a4d22-41c0-43ab-ba99-92750f81e335/52595021-3fae-4251-9f26-eceda55c8a66.jpg,3ca10935-8c3d-4479-9a0c-8bfe8050840c/8d4a4d22-41c0-43ab-ba99-92750f81e335/52595021-3fae-4251-9f26-eceda55c8a66.jpg,913850,image/jpeg,composite/other,yes,artist_looks.generated_image_url|artist_looks.generated_storage_path,yes
11,2179ae5d-c9bc-47e4-acdb-6aa1ac841f1b/8d4a4d22-41c0-43ab-ba99-92750f81e335/6933c7a0-5a49-40e3-8370-a09a78959237.jpg,3ca10935-8c3d-4479-9a0c-8bfe8050840c/8d4a4d22-41c0-43ab-ba99-92750f81e335/6933c7a0-5a49-40e3-8370-a09a78959237.jpg,642209,image/jpeg,composite/other,yes,artist_looks.generated_image_url|artist_looks.generated_storage_path,yes
12,2179ae5d-c9bc-47e4-acdb-6aa1ac841f1b/8d4a4d22-41c0-43ab-ba99-92750f81e335/6e601b52-ce70-4f12-86c2-ff26bf011298.png,3ca10935-8c3d-4479-9a0c-8bfe8050840c/8d4a4d22-41c0-43ab-ba99-92750f81e335/6e601b52-ce70-4f12-86c2-ff26bf011298.png,1944712,image/png,composite/other,yes,artist_looks.generated_image_url|artist_looks.generated_storage_path,yes
13,2179ae5d-c9bc-47e4-acdb-6aa1ac841f1b/8d4a4d22-41c0-43ab-ba99-92750f81e335/8f748d64-3b9c-4833-8ae0-8a74cd95da7b.jpg,3ca10935-8c3d-4479-9a0c-8bfe8050840c/8d4a4d22-41c0-43ab-ba99-92750f81e335/8f748d64-3b9c-4833-8ae0-8a74cd95da7b.jpg,470671,image/jpeg,composite/other,yes,artist_looks.generated_image_url|artist_looks.generated_storage_path,yes
14,2179ae5d-c9bc-47e4-acdb-6aa1ac841f1b/8d4a4d22-41c0-43ab-ba99-92750f81e335/91e570a1-7814-41a9-974a-054721bb6f41.jpg,3ca10935-8c3d-4479-9a0c-8bfe8050840c/8d4a4d22-41c0-43ab-ba99-92750f81e335/91e570a1-7814-41a9-974a-054721bb6f41.jpg,597154,image/jpeg,composite/other,yes,artist_looks.generated_image_url|artist_looks.generated_storage_path,yes
15,2179ae5d-c9bc-47e4-acdb-6aa1ac841f1b/8d4a4d22-41c0-43ab-ba99-92750f81e335/aadaab23-38b0-4d0f-a534-3392ed2beb61.jpg,3ca10935-8c3d-4479-9a0c-8bfe8050840c/8d4a4d22-41c0-43ab-ba99-92750f81e335/aadaab23-38b0-4d0f-a534-3392ed2beb61.jpg,470228,image/jpeg,composite/other,yes,artist_looks.generated_image_url|artist_looks.generated_storage_path,yes
16,2179ae5d-c9bc-47e4-acdb-6aa1ac841f1b/8d4a4d22-41c0-43ab-ba99-92750f81e335/c0f619b9-444e-43ed-b424-a2e4ce2c6411.jpg,3ca10935-8c3d-4479-9a0c-8bfe8050840c/8d4a4d22-41c0-43ab-ba99-92750f81e335/c0f619b9-444e-43ed-b424-a2e4ce2c6411.jpg,597154,image/jpeg,composite/other,yes,artist_looks.generated_image_url|artist_looks.generated_storage_path,yes
17,2179ae5d-c9bc-47e4-acdb-6aa1ac841f1b/8d4a4d22-41c0-43ab-ba99-92750f81e335/c8a3cb8a-9916-4f23-9032-ccbe49155997.jpg,3ca10935-8c3d-4479-9a0c-8bfe8050840c/8d4a4d22-41c0-43ab-ba99-92750f81e335/c8a3cb8a-9916-4f23-9032-ccbe49155997.jpg,599675,image/jpeg,composite/other,yes,artist_looks.generated_image_url|artist_looks.generated_storage_path,yes
18,2179ae5d-c9bc-47e4-acdb-6aa1ac841f1b/8d4a4d22-41c0-43ab-ba99-92750f81e335/da40cb6c-79d0-4a13-b803-6ba44cf4c031.png,3ca10935-8c3d-4479-9a0c-8bfe8050840c/8d4a4d22-41c0-43ab-ba99-92750f81e335/da40cb6c-79d0-4a13-b803-6ba44cf4c031.png,1815516,image/png,composite/other,yes,artist_looks.generated_image_url|artist_looks.generated_storage_path,yes
19,2179ae5d-c9bc-47e4-acdb-6aa1ac841f1b/8d4a4d22-41c0-43ab-ba99-92750f81e335/e1cf0054-041f-4053-8504-1c175c122c1d.jpg,3ca10935-8c3d-4479-9a0c-8bfe8050840c/8d4a4d22-41c0-43ab-ba99-92750f81e335/e1cf0054-041f-4053-8504-1c175c122c1d.jpg,596864,image/jpeg,composite/other,yes,artist_looks.generated_image_url|artist_looks.generated_storage_path,yes
20,2179ae5d-c9bc-47e4-acdb-6aa1ac841f1b/8d4a4d22-41c0-43ab-ba99-92750f81e335/eedfc871-c092-476a-8bcc-8e353998eeb5.jpg,3ca10935-8c3d-4479-9a0c-8bfe8050840c/8d4a4d22-41c0-43ab-ba99-92750f81e335/eedfc871-c092-476a-8bcc-8e353998eeb5.jpg,1466637,image/jpeg,composite/other,yes,artist_looks.generated_image_url|artist_looks.generated_storage_path,yes
21,65cf99cb-fd18-4168-b9ab-dfbfd42112ca/8d4a4d22-41c0-43ab-ba99-92750f81e335/03114f53-16ec-45a2-9a26-31b6d1ea624a.png,3ca10935-8c3d-4479-9a0c-8bfe8050840c/8d4a4d22-41c0-43ab-ba99-92750f81e335/03114f53-16ec-45a2-9a26-31b6d1ea624a.png,840210,image/png,composite/other,yes,artist_looks.generated_image_url|artist_looks.generated_storage_path,yes
22,65cf99cb-fd18-4168-b9ab-dfbfd42112ca/8d4a4d22-41c0-43ab-ba99-92750f81e335/2abe0740-2f0c-4ba8-a393-57fdd1db3658.jpg,3ca10935-8c3d-4479-9a0c-8bfe8050840c/8d4a4d22-41c0-43ab-ba99-92750f81e335/2abe0740-2f0c-4ba8-a393-57fdd1db3658.jpg,501457,image/jpeg,composite/other,NO(storage-only),,yes
23,65cf99cb-fd18-4168-b9ab-dfbfd42112ca/8d4a4d22-41c0-43ab-ba99-92750f81e335/6465a932-0fcd-4cee-9e59-363024bd170b.png,3ca10935-8c3d-4479-9a0c-8bfe8050840c/8d4a4d22-41c0-43ab-ba99-92750f81e335/6465a932-0fcd-4cee-9e59-363024bd170b.png,1944064,image/png,composite/other,yes,artist_looks.generated_image_url|artist_looks.generated_storage_path,yes
24,65cf99cb-fd18-4168-b9ab-dfbfd42112ca/8d4a4d22-41c0-43ab-ba99-92750f81e335/8742a3da-633e-4e5a-a6bd-57c7c744066c.png,3ca10935-8c3d-4479-9a0c-8bfe8050840c/8d4a4d22-41c0-43ab-ba99-92750f81e335/8742a3da-633e-4e5a-a6bd-57c7c744066c.png,933995,image/png,composite/other,yes,artist_looks.composition_recipe_json|artist_looks.generated_image_url|artist_looks.generated_storage_path,yes
25,65cf99cb-fd18-4168-b9ab-dfbfd42112ca/8d4a4d22-41c0-43ab-ba99-92750f81e335/c2b6a056-7de1-44a2-8f5e-904fb17c8f62.png,3ca10935-8c3d-4479-9a0c-8bfe8050840c/8d4a4d22-41c0-43ab-ba99-92750f81e335/c2b6a056-7de1-44a2-8f5e-904fb17c8f62.png,1830644,image/png,composite/other,yes,artist_looks.generated_image_url|artist_looks.generated_storage_path,yes
26,65cf99cb-fd18-4168-b9ab-dfbfd42112ca/8d4a4d22-41c0-43ab-ba99-92750f81e335/d905e728-a773-4a9b-a928-986d1a288c31.png,3ca10935-8c3d-4479-9a0c-8bfe8050840c/8d4a4d22-41c0-43ab-ba99-92750f81e335/d905e728-a773-4a9b-a928-986d1a288c31.png,933995,image/png,composite/other,yes,artist_looks.generated_image_url|artist_looks.generated_storage_path,yes
27,65cf99cb-fd18-4168-b9ab-dfbfd42112ca/8d4a4d22-41c0-43ab-ba99-92750f81e335/da34e455-fe02-4930-a672-950ed543027a.png,3ca10935-8c3d-4479-9a0c-8bfe8050840c/8d4a4d22-41c0-43ab-ba99-92750f81e335/da34e455-fe02-4930-a672-950ed543027a.png,840210,image/png,composite/other,yes,artist_looks.generated_image_url|artist_looks.generated_storage_path,yes
28,65cf99cb-fd18-4168-b9ab-dfbfd42112ca/8d4a4d22-41c0-43ab-ba99-92750f81e335/imported_1780912067465.jpg,3ca10935-8c3d-4479-9a0c-8bfe8050840c/8d4a4d22-41c0-43ab-ba99-92750f81e335/imported_1780912067465.jpg,474680,image/jpeg,imported-look,yes,artist_looks.composition_recipe_json|artist_looks.generated_image_url|artist_looks.generated_storage_path,yes
29,65cf99cb-fd18-4168-b9ab-dfbfd42112ca/8d4a4d22-41c0-43ab-ba99-92750f81e335/imported_1780912291807.jpg,3ca10935-8c3d-4479-9a0c-8bfe8050840c/8d4a4d22-41c0-43ab-ba99-92750f81e335/imported_1780912291807.jpg,396853,image/jpeg,imported-look,yes,artist_looks.composition_recipe_json|artist_looks.generated_image_url|artist_looks.generated_storage_path,yes
30,79516c91-c2ad-4b54-93f1-05023fbca28c/8d4a4d22-41c0-43ab-ba99-92750f81e335/78a1f668-0daf-4f27-abda-eee7021808c2.jpg,3ca10935-8c3d-4479-9a0c-8bfe8050840c/8d4a4d22-41c0-43ab-ba99-92750f81e335/78a1f668-0daf-4f27-abda-eee7021808c2.jpg,491041,image/jpeg,composite/other,NO(storage-only),,yes
31,79516c91-c2ad-4b54-93f1-05023fbca28c/8d4a4d22-41c0-43ab-ba99-92750f81e335/80fd106d-939e-42ce-a088-0e1d6fedef4c.jpg,3ca10935-8c3d-4479-9a0c-8bfe8050840c/8d4a4d22-41c0-43ab-ba99-92750f81e335/80fd106d-939e-42ce-a088-0e1d6fedef4c.jpg,446068,image/jpeg,composite/other,NO(storage-only),,yes
32,79516c91-c2ad-4b54-93f1-05023fbca28c/8d4a4d22-41c0-43ab-ba99-92750f81e335/9048975b-79c5-4019-ad66-f637f2e13dd4.jpg,3ca10935-8c3d-4479-9a0c-8bfe8050840c/8d4a4d22-41c0-43ab-ba99-92750f81e335/9048975b-79c5-4019-ad66-f637f2e13dd4.jpg,543914,image/jpeg,composite/other,NO(storage-only),,yes
33,79516c91-c2ad-4b54-93f1-05023fbca28c/8d4a4d22-41c0-43ab-ba99-92750f81e335/9928c98e-784b-4b06-ac76-6572a33b4e01.jpg,3ca10935-8c3d-4479-9a0c-8bfe8050840c/8d4a4d22-41c0-43ab-ba99-92750f81e335/9928c98e-784b-4b06-ac76-6572a33b4e01.jpg,543743,image/jpeg,composite/other,NO(storage-only),,yes
34,79516c91-c2ad-4b54-93f1-05023fbca28c/8d4a4d22-41c0-43ab-ba99-92750f81e335/b10d0f71-bfa2-4b22-8d3c-e3606d808310.jpg,3ca10935-8c3d-4479-9a0c-8bfe8050840c/8d4a4d22-41c0-43ab-ba99-92750f81e335/b10d0f71-bfa2-4b22-8d3c-e3606d808310.jpg,655510,image/jpeg,composite/other,NO(storage-only),,yes
35,79516c91-c2ad-4b54-93f1-05023fbca28c/8d4a4d22-41c0-43ab-ba99-92750f81e335/ba722ec7-78b5-4a6b-93a8-a712feaa71ad.jpg,3ca10935-8c3d-4479-9a0c-8bfe8050840c/8d4a4d22-41c0-43ab-ba99-92750f81e335/ba722ec7-78b5-4a6b-93a8-a712feaa71ad.jpg,497019,image/jpeg,composite/other,NO(storage-only),,yes
36,79516c91-c2ad-4b54-93f1-05023fbca28c/8d4a4d22-41c0-43ab-ba99-92750f81e335/c8f72fcf-0614-47c4-8ed6-ab3e0b71280c.jpg,3ca10935-8c3d-4479-9a0c-8bfe8050840c/8d4a4d22-41c0-43ab-ba99-92750f81e335/c8f72fcf-0614-47c4-8ed6-ab3e0b71280c.jpg,1012910,image/jpeg,composite/other,NO(storage-only),,yes
37,79516c91-c2ad-4b54-93f1-05023fbca28c/8d4a4d22-41c0-43ab-ba99-92750f81e335/ce601fd0-be23-48eb-90f3-9ddb2867f93f.jpg,3ca10935-8c3d-4479-9a0c-8bfe8050840c/8d4a4d22-41c0-43ab-ba99-92750f81e335/ce601fd0-be23-48eb-90f3-9ddb2867f93f.jpg,518681,image/jpeg,composite/other,NO(storage-only),,yes
38,79516c91-c2ad-4b54-93f1-05023fbca28c/8d4a4d22-41c0-43ab-ba99-92750f81e335/d12a45e3-8c03-4304-b4b2-5557b16ad453.jpg,3ca10935-8c3d-4479-9a0c-8bfe8050840c/8d4a4d22-41c0-43ab-ba99-92750f81e335/d12a45e3-8c03-4304-b4b2-5557b16ad453.jpg,646376,image/jpeg,composite/other,NO(storage-only),,yes
39,79516c91-c2ad-4b54-93f1-05023fbca28c/8d4a4d22-41c0-43ab-ba99-92750f81e335/d83e9a8b-2c92-4b35-a10c-7eb235e3942b.jpg,3ca10935-8c3d-4479-9a0c-8bfe8050840c/8d4a4d22-41c0-43ab-ba99-92750f81e335/d83e9a8b-2c92-4b35-a10c-7eb235e3942b.jpg,626107,image/jpeg,composite/other,yes,artist_looks.generated_image_url|artist_looks.generated_storage_path,yes
40,79516c91-c2ad-4b54-93f1-05023fbca28c/8d4a4d22-41c0-43ab-ba99-92750f81e335/d95c273f-5323-4308-b5dc-ac76ed804545.jpg,3ca10935-8c3d-4479-9a0c-8bfe8050840c/8d4a4d22-41c0-43ab-ba99-92750f81e335/d95c273f-5323-4308-b5dc-ac76ed804545.jpg,640970,image/jpeg,composite/other,NO(storage-only),,yes
41,79516c91-c2ad-4b54-93f1-05023fbca28c/8d4a4d22-41c0-43ab-ba99-92750f81e335/eaae159d-6b8c-45fe-a315-c67cf3aa3d00.jpg,3ca10935-8c3d-4479-9a0c-8bfe8050840c/8d4a4d22-41c0-43ab-ba99-92750f81e335/eaae159d-6b8c-45fe-a315-c67cf3aa3d00.jpg,533636,image/jpeg,composite/other,yes,artist_looks.generated_image_url|artist_looks.generated_storage_path,yes
42,79516c91-c2ad-4b54-93f1-05023fbca28c/8d4a4d22-41c0-43ab-ba99-92750f81e335/fa87bcdb-87ed-4634-8c62-afb070caf464.jpg,3ca10935-8c3d-4479-9a0c-8bfe8050840c/8d4a4d22-41c0-43ab-ba99-92750f81e335/fa87bcdb-87ed-4634-8c62-afb070caf464.jpg,600390,image/jpeg,composite/other,yes,artist_looks.generated_image_url|artist_looks.generated_storage_path,yes
43,7da90f41-c450-48e1-95da-0153f5a4d042/8d4a4d22-41c0-43ab-ba99-92750f81e335/de23010d-f2a8-445b-82ad-ed45d65736fa.png,3ca10935-8c3d-4479-9a0c-8bfe8050840c/8d4a4d22-41c0-43ab-ba99-92750f81e335/de23010d-f2a8-445b-82ad-ed45d65736fa.png,1022138,image/png,composite/other,yes,artist_looks.generated_image_url|artist_looks.generated_storage_path,yes
44,7da90f41-c450-48e1-95da-0153f5a4d042/8d4a4d22-41c0-43ab-ba99-92750f81e335/de23010d-f2a8-445b-82ad-ed45d65736fa_vton_raw.png,3ca10935-8c3d-4479-9a0c-8bfe8050840c/8d4a4d22-41c0-43ab-ba99-92750f81e335/de23010d-f2a8-445b-82ad-ed45d65736fa_vton_raw.png,1022138,image/png,composite/other,yes,artist_looks.composition_recipe_json,yes
45,830373d2-4017-4d18-8ff0-7c2220304f62/8d4a4d22-41c0-43ab-ba99-92750f81e335/1b86f9c1-d75f-4eec-8e35-4d1debfab780.png,3ca10935-8c3d-4479-9a0c-8bfe8050840c/8d4a4d22-41c0-43ab-ba99-92750f81e335/1b86f9c1-d75f-4eec-8e35-4d1debfab780.png,16214282,image/png,composite/other,yes,artist_looks.generated_image_url|artist_looks.generated_storage_path,yes
46,832fa0bc-1f7e-4586-ab8b-2ac323698ede/8d4a4d22-41c0-43ab-ba99-92750f81e335/02b72411-8c4c-4206-a368-b31aa1cde677.jpg,3ca10935-8c3d-4479-9a0c-8bfe8050840c/8d4a4d22-41c0-43ab-ba99-92750f81e335/02b72411-8c4c-4206-a368-b31aa1cde677.jpg,288598,image/jpeg,composite/other,yes,artist_looks.generated_image_url|artist_looks.generated_storage_path,yes
47,832fa0bc-1f7e-4586-ab8b-2ac323698ede/8d4a4d22-41c0-43ab-ba99-92750f81e335/03373cde-03c2-4d50-8079-2ba1816ad2a8.png,3ca10935-8c3d-4479-9a0c-8bfe8050840c/8d4a4d22-41c0-43ab-ba99-92750f81e335/03373cde-03c2-4d50-8079-2ba1816ad2a8.png,7842804,image/png,composite/other,yes,artist_looks.generated_image_url|artist_looks.generated_storage_path,yes
48,832fa0bc-1f7e-4586-ab8b-2ac323698ede/8d4a4d22-41c0-43ab-ba99-92750f81e335/0bb84161-7c2c-4968-b373-a8944c0a6771_flux_mask.png,3ca10935-8c3d-4479-9a0c-8bfe8050840c/8d4a4d22-41c0-43ab-ba99-92750f81e335/0bb84161-7c2c-4968-b373-a8944c0a6771_flux_mask.png,32131,image/png,flux-interim,yes,artist_looks.composition_recipe_json,yes
49,832fa0bc-1f7e-4586-ab8b-2ac323698ede/8d4a4d22-41c0-43ab-ba99-92750f81e335/0bb84161-7c2c-4968-b373-a8944c0a6771_flux_src.png,3ca10935-8c3d-4479-9a0c-8bfe8050840c/8d4a4d22-41c0-43ab-ba99-92750f81e335/0bb84161-7c2c-4968-b373-a8944c0a6771_flux_src.png,716696,image/png,flux-interim,yes,artist_looks.composition_recipe_json,yes
50,832fa0bc-1f7e-4586-ab8b-2ac323698ede/8d4a4d22-41c0-43ab-ba99-92750f81e335/0bb84161-7c2c-4968-b373-a8944c0a6771_mask.png,3ca10935-8c3d-4479-9a0c-8bfe8050840c/8d4a4d22-41c0-43ab-ba99-92750f81e335/0bb84161-7c2c-4968-b373-a8944c0a6771_mask.png,58266,image/png,composite/other,yes,artist_looks.composition_recipe_json,yes
51,832fa0bc-1f7e-4586-ab8b-2ac323698ede/8d4a4d22-41c0-43ab-ba99-92750f81e335/0bb84161-7c2c-4968-b373-a8944c0a6771_pad_mask.png,3ca10935-8c3d-4479-9a0c-8bfe8050840c/8d4a4d22-41c0-43ab-ba99-92750f81e335/0bb84161-7c2c-4968-b373-a8944c0a6771_pad_mask.png,58651,image/png,composite/other,yes,artist_looks.composition_recipe_json,yes
52,832fa0bc-1f7e-4586-ab8b-2ac323698ede/8d4a4d22-41c0-43ab-ba99-92750f81e335/0bb84161-7c2c-4968-b373-a8944c0a6771_pad_src.png,3ca10935-8c3d-4479-9a0c-8bfe8050840c/8d4a4d22-41c0-43ab-ba99-92750f81e335/0bb84161-7c2c-4968-b373-a8944c0a6771_pad_src.png,954355,image/png,composite/other,yes,artist_looks.composition_recipe_json,yes
53,832fa0bc-1f7e-4586-ab8b-2ac323698ede/8d4a4d22-41c0-43ab-ba99-92750f81e335/0bb84161-7c2c-4968-b373-a8944c0a6771_source1080.png,3ca10935-8c3d-4479-9a0c-8bfe8050840c/8d4a4d22-41c0-43ab-ba99-92750f81e335/0bb84161-7c2c-4968-b373-a8944c0a6771_source1080.png,956762,image/png,composite/other,yes,artist_looks.composition_recipe_json,yes
54,832fa0bc-1f7e-4586-ab8b-2ac323698ede/8d4a4d22-41c0-43ab-ba99-92750f81e335/1347d0fc-71cc-4b18-92b8-91b100c26b28.jpg,3ca10935-8c3d-4479-9a0c-8bfe8050840c/8d4a4d22-41c0-43ab-ba99-92750f81e335/1347d0fc-71cc-4b18-92b8-91b100c26b28.jpg,214687,image/jpeg,composite/other,yes,artist_looks.generated_image_url|artist_looks.generated_storage_path,yes
55,832fa0bc-1f7e-4586-ab8b-2ac323698ede/8d4a4d22-41c0-43ab-ba99-92750f81e335/136b960d-4e6b-4b2d-b0ab-bf19fd28af28.png,3ca10935-8c3d-4479-9a0c-8bfe8050840c/8d4a4d22-41c0-43ab-ba99-92750f81e335/136b960d-4e6b-4b2d-b0ab-bf19fd28af28.png,1028810,image/png,composite/other,yes,artist_looks.generated_image_url|artist_looks.generated_storage_path,yes
56,832fa0bc-1f7e-4586-ab8b-2ac323698ede/8d4a4d22-41c0-43ab-ba99-92750f81e335/136b960d-4e6b-4b2d-b0ab-bf19fd28af28_vton_raw.png,3ca10935-8c3d-4479-9a0c-8bfe8050840c/8d4a4d22-41c0-43ab-ba99-92750f81e335/136b960d-4e6b-4b2d-b0ab-bf19fd28af28_vton_raw.png,1028810,image/png,composite/other,yes,artist_looks.composition_recipe_json,yes
57,832fa0bc-1f7e-4586-ab8b-2ac323698ede/8d4a4d22-41c0-43ab-ba99-92750f81e335/196a21d6-cef4-479c-acb6-328e9c8f7756.png,3ca10935-8c3d-4479-9a0c-8bfe8050840c/8d4a4d22-41c0-43ab-ba99-92750f81e335/196a21d6-cef4-479c-acb6-328e9c8f7756.png,7889601,image/png,composite/other,yes,artist_looks.generated_image_url|artist_looks.generated_storage_path,yes
58,832fa0bc-1f7e-4586-ab8b-2ac323698ede/8d4a4d22-41c0-43ab-ba99-92750f81e335/20f6c4a0-653b-466c-8abd-689802200ef0.png,3ca10935-8c3d-4479-9a0c-8bfe8050840c/8d4a4d22-41c0-43ab-ba99-92750f81e335/20f6c4a0-653b-466c-8abd-689802200ef0.png,1410345,image/png,composite/other,yes,artist_looks.generated_image_url|artist_looks.generated_storage_path,yes
59,832fa0bc-1f7e-4586-ab8b-2ac323698ede/8d4a4d22-41c0-43ab-ba99-92750f81e335/24863956-6253-47b1-97db-00da73402f2f.png,3ca10935-8c3d-4479-9a0c-8bfe8050840c/8d4a4d22-41c0-43ab-ba99-92750f81e335/24863956-6253-47b1-97db-00da73402f2f.png,7096902,image/png,composite/other,yes,artist_looks.generated_image_url|artist_looks.generated_storage_path,yes
60,832fa0bc-1f7e-4586-ab8b-2ac323698ede/8d4a4d22-41c0-43ab-ba99-92750f81e335/265ec9b6-5dc9-4152-8238-64132c74ba50.png,3ca10935-8c3d-4479-9a0c-8bfe8050840c/8d4a4d22-41c0-43ab-ba99-92750f81e335/265ec9b6-5dc9-4152-8238-64132c74ba50.png,832308,image/png,composite/other,yes,artist_looks.generated_image_url|artist_looks.generated_storage_path,yes
61,832fa0bc-1f7e-4586-ab8b-2ac323698ede/8d4a4d22-41c0-43ab-ba99-92750f81e335/265ec9b6-5dc9-4152-8238-64132c74ba50_vton_raw.png,3ca10935-8c3d-4479-9a0c-8bfe8050840c/8d4a4d22-41c0-43ab-ba99-92750f81e335/265ec9b6-5dc9-4152-8238-64132c74ba50_vton_raw.png,832308,image/png,composite/other,yes,artist_looks.composition_recipe_json,yes
62,832fa0bc-1f7e-4586-ab8b-2ac323698ede/8d4a4d22-41c0-43ab-ba99-92750f81e335/26c9c706-2921-4d38-bc69-0afaa5d8cb82.png,3ca10935-8c3d-4479-9a0c-8bfe8050840c/8d4a4d22-41c0-43ab-ba99-92750f81e335/26c9c706-2921-4d38-bc69-0afaa5d8cb82.png,9208669,image/png,composite/other,yes,artist_looks.generated_image_url|artist_looks.generated_storage_path,yes
63,832fa0bc-1f7e-4586-ab8b-2ac323698ede/8d4a4d22-41c0-43ab-ba99-92750f81e335/27f0a490-fed7-4748-8ecd-d58fc16d3908.jpg,3ca10935-8c3d-4479-9a0c-8bfe8050840c/8d4a4d22-41c0-43ab-ba99-92750f81e335/27f0a490-fed7-4748-8ecd-d58fc16d3908.jpg,200350,image/jpeg,composite/other,yes,artist_looks.generated_image_url|artist_looks.generated_storage_path,yes
64,832fa0bc-1f7e-4586-ab8b-2ac323698ede/8d4a4d22-41c0-43ab-ba99-92750f81e335/291614a8-b616-4a4a-bc2d-ca9413cae6be.jpg,3ca10935-8c3d-4479-9a0c-8bfe8050840c/8d4a4d22-41c0-43ab-ba99-92750f81e335/291614a8-b616-4a4a-bc2d-ca9413cae6be.jpg,193425,image/jpeg,composite/other,yes,artist_looks.composition_recipe_json|artist_looks.generated_image_url|artist_looks.generated_storage_path,yes
65,832fa0bc-1f7e-4586-ab8b-2ac323698ede/8d4a4d22-41c0-43ab-ba99-92750f81e335/2c7199ee-6a45-4942-ada5-a766a0614a93.png,3ca10935-8c3d-4479-9a0c-8bfe8050840c/8d4a4d22-41c0-43ab-ba99-92750f81e335/2c7199ee-6a45-4942-ada5-a766a0614a93.png,1342118,image/png,composite/other,yes,artist_looks.generated_image_url|artist_looks.generated_storage_path,yes
66,832fa0bc-1f7e-4586-ab8b-2ac323698ede/8d4a4d22-41c0-43ab-ba99-92750f81e335/2db02cac-bf62-42d1-a860-bf16f167152c.jpg,3ca10935-8c3d-4479-9a0c-8bfe8050840c/8d4a4d22-41c0-43ab-ba99-92750f81e335/2db02cac-bf62-42d1-a860-bf16f167152c.jpg,182064,image/jpeg,composite/other,yes,artist_looks.composition_recipe_json|artist_looks.generated_image_url|artist_looks.generated_storage_path,yes
67,832fa0bc-1f7e-4586-ab8b-2ac323698ede/8d4a4d22-41c0-43ab-ba99-92750f81e335/349806db-2ab0-4831-a67c-1437c3701ab7.jpg,3ca10935-8c3d-4479-9a0c-8bfe8050840c/8d4a4d22-41c0-43ab-ba99-92750f81e335/349806db-2ab0-4831-a67c-1437c3701ab7.jpg,197587,image/jpeg,composite/other,yes,artist_looks.generated_image_url|artist_looks.generated_storage_path,yes
68,832fa0bc-1f7e-4586-ab8b-2ac323698ede/8d4a4d22-41c0-43ab-ba99-92750f81e335/39a70fad-8781-4593-bf5b-12f66939d19b.png,3ca10935-8c3d-4479-9a0c-8bfe8050840c/8d4a4d22-41c0-43ab-ba99-92750f81e335/39a70fad-8781-4593-bf5b-12f66939d19b.png,1067814,image/png,composite/other,yes,artist_looks.generated_image_url|artist_looks.generated_storage_path,yes
69,832fa0bc-1f7e-4586-ab8b-2ac323698ede/8d4a4d22-41c0-43ab-ba99-92750f81e335/47aa0098-590c-46f9-b3a1-004504781848.jpg,3ca10935-8c3d-4479-9a0c-8bfe8050840c/8d4a4d22-41c0-43ab-ba99-92750f81e335/47aa0098-590c-46f9-b3a1-004504781848.jpg,182807,image/jpeg,composite/other,yes,artist_looks.composition_recipe_json|artist_looks.generated_image_url|artist_looks.generated_storage_path,yes
70,832fa0bc-1f7e-4586-ab8b-2ac323698ede/8d4a4d22-41c0-43ab-ba99-92750f81e335/486a124a-56cb-4fb2-bfe1-a5950e9ee440_flux_mask.png,3ca10935-8c3d-4479-9a0c-8bfe8050840c/8d4a4d22-41c0-43ab-ba99-92750f81e335/486a124a-56cb-4fb2-bfe1-a5950e9ee440_flux_mask.png,39797,image/png,flux-interim,yes,artist_looks.composition_recipe_json,yes
71,832fa0bc-1f7e-4586-ab8b-2ac323698ede/8d4a4d22-41c0-43ab-ba99-92750f81e335/486a124a-56cb-4fb2-bfe1-a5950e9ee440_flux_src.png,3ca10935-8c3d-4479-9a0c-8bfe8050840c/8d4a4d22-41c0-43ab-ba99-92750f81e335/486a124a-56cb-4fb2-bfe1-a5950e9ee440_flux_src.png,1957769,image/png,flux-interim,yes,artist_looks.composition_recipe_json,yes
72,832fa0bc-1f7e-4586-ab8b-2ac323698ede/8d4a4d22-41c0-43ab-ba99-92750f81e335/486a124a-56cb-4fb2-bfe1-a5950e9ee440_mask.png,3ca10935-8c3d-4479-9a0c-8bfe8050840c/8d4a4d22-41c0-43ab-ba99-92750f81e335/486a124a-56cb-4fb2-bfe1-a5950e9ee440_mask.png,70946,image/png,composite/other,yes,artist_looks.composition_recipe_json,yes
73,832fa0bc-1f7e-4586-ab8b-2ac323698ede/8d4a4d22-41c0-43ab-ba99-92750f81e335/486a124a-56cb-4fb2-bfe1-a5950e9ee440_pad_mask.png,3ca10935-8c3d-4479-9a0c-8bfe8050840c/8d4a4d22-41c0-43ab-ba99-92750f81e335/486a124a-56cb-4fb2-bfe1-a5950e9ee440_pad_mask.png,71429,image/png,composite/other,yes,artist_looks.composition_recipe_json,yes
74,832fa0bc-1f7e-4586-ab8b-2ac323698ede/8d4a4d22-41c0-43ab-ba99-92750f81e335/486a124a-56cb-4fb2-bfe1-a5950e9ee440_pad_src.png,3ca10935-8c3d-4479-9a0c-8bfe8050840c/8d4a4d22-41c0-43ab-ba99-92750f81e335/486a124a-56cb-4fb2-bfe1-a5950e9ee440_pad_src.png,3575137,image/png,composite/other,yes,artist_looks.composition_recipe_json,yes
75,832fa0bc-1f7e-4586-ab8b-2ac323698ede/8d4a4d22-41c0-43ab-ba99-92750f81e335/486a124a-56cb-4fb2-bfe1-a5950e9ee440_source1080.png,3ca10935-8c3d-4479-9a0c-8bfe8050840c/8d4a4d22-41c0-43ab-ba99-92750f81e335/486a124a-56cb-4fb2-bfe1-a5950e9ee440_source1080.png,3571791,image/png,composite/other,yes,artist_looks.composition_recipe_json,yes
76,832fa0bc-1f7e-4586-ab8b-2ac323698ede/8d4a4d22-41c0-43ab-ba99-92750f81e335/516654c3-86ef-4a22-97f5-a63fd4afcac7.png,3ca10935-8c3d-4479-9a0c-8bfe8050840c/8d4a4d22-41c0-43ab-ba99-92750f81e335/516654c3-86ef-4a22-97f5-a63fd4afcac7.png,905102,image/png,composite/other,yes,artist_looks.generated_image_url|artist_looks.generated_storage_path,yes
77,832fa0bc-1f7e-4586-ab8b-2ac323698ede/8d4a4d22-41c0-43ab-ba99-92750f81e335/516654c3-86ef-4a22-97f5-a63fd4afcac7_vton_raw.png,3ca10935-8c3d-4479-9a0c-8bfe8050840c/8d4a4d22-41c0-43ab-ba99-92750f81e335/516654c3-86ef-4a22-97f5-a63fd4afcac7_vton_raw.png,905102,image/png,composite/other,yes,artist_looks.composition_recipe_json,yes
78,832fa0bc-1f7e-4586-ab8b-2ac323698ede/8d4a4d22-41c0-43ab-ba99-92750f81e335/5475a46d-40ac-433b-b245-9b4e583b7c2f.png,3ca10935-8c3d-4479-9a0c-8bfe8050840c/8d4a4d22-41c0-43ab-ba99-92750f81e335/5475a46d-40ac-433b-b245-9b4e583b7c2f.png,812216,image/png,composite/other,yes,artist_looks.generated_image_url|artist_looks.generated_storage_path,yes
79,832fa0bc-1f7e-4586-ab8b-2ac323698ede/8d4a4d22-41c0-43ab-ba99-92750f81e335/5475a46d-40ac-433b-b245-9b4e583b7c2f_vton_raw.png,3ca10935-8c3d-4479-9a0c-8bfe8050840c/8d4a4d22-41c0-43ab-ba99-92750f81e335/5475a46d-40ac-433b-b245-9b4e583b7c2f_vton_raw.png,812216,image/png,composite/other,yes,artist_looks.composition_recipe_json,yes
80,832fa0bc-1f7e-4586-ab8b-2ac323698ede/8d4a4d22-41c0-43ab-ba99-92750f81e335/56710f10-3290-486e-b725-ca57c28bec11_flux_mask.png,3ca10935-8c3d-4479-9a0c-8bfe8050840c/8d4a4d22-41c0-43ab-ba99-92750f81e335/56710f10-3290-486e-b725-ca57c28bec11_flux_mask.png,32125,image/png,flux-interim,yes,artist_looks.composition_recipe_json,yes
81,832fa0bc-1f7e-4586-ab8b-2ac323698ede/8d4a4d22-41c0-43ab-ba99-92750f81e335/56710f10-3290-486e-b725-ca57c28bec11_flux_src.png,3ca10935-8c3d-4479-9a0c-8bfe8050840c/8d4a4d22-41c0-43ab-ba99-92750f81e335/56710f10-3290-486e-b725-ca57c28bec11_flux_src.png,716696,image/png,flux-interim,yes,artist_looks.composition_recipe_json,yes
82,832fa0bc-1f7e-4586-ab8b-2ac323698ede/8d4a4d22-41c0-43ab-ba99-92750f81e335/56710f10-3290-486e-b725-ca57c28bec11_mask.png,3ca10935-8c3d-4479-9a0c-8bfe8050840c/8d4a4d22-41c0-43ab-ba99-92750f81e335/56710f10-3290-486e-b725-ca57c28bec11_mask.png,58255,image/png,composite/other,yes,artist_looks.composition_recipe_json,yes
83,832fa0bc-1f7e-4586-ab8b-2ac323698ede/8d4a4d22-41c0-43ab-ba99-92750f81e335/56710f10-3290-486e-b725-ca57c28bec11_pad_mask.png,3ca10935-8c3d-4479-9a0c-8bfe8050840c/8d4a4d22-41c0-43ab-ba99-92750f81e335/56710f10-3290-486e-b725-ca57c28bec11_pad_mask.png,58660,image/png,composite/other,yes,artist_looks.composition_recipe_json,yes
84,832fa0bc-1f7e-4586-ab8b-2ac323698ede/8d4a4d22-41c0-43ab-ba99-92750f81e335/56710f10-3290-486e-b725-ca57c28bec11_pad_src.png,3ca10935-8c3d-4479-9a0c-8bfe8050840c/8d4a4d22-41c0-43ab-ba99-92750f81e335/56710f10-3290-486e-b725-ca57c28bec11_pad_src.png,954355,image/png,composite/other,yes,artist_looks.composition_recipe_json,yes
85,832fa0bc-1f7e-4586-ab8b-2ac323698ede/8d4a4d22-41c0-43ab-ba99-92750f81e335/56710f10-3290-486e-b725-ca57c28bec11_source1080.png,3ca10935-8c3d-4479-9a0c-8bfe8050840c/8d4a4d22-41c0-43ab-ba99-92750f81e335/56710f10-3290-486e-b725-ca57c28bec11_source1080.png,956762,image/png,composite/other,yes,artist_looks.composition_recipe_json,yes
86,832fa0bc-1f7e-4586-ab8b-2ac323698ede/8d4a4d22-41c0-43ab-ba99-92750f81e335/58c4c140-4ef1-4be3-a870-fd18d8c567cf.png,3ca10935-8c3d-4479-9a0c-8bfe8050840c/8d4a4d22-41c0-43ab-ba99-92750f81e335/58c4c140-4ef1-4be3-a870-fd18d8c567cf.png,8983505,image/png,composite/other,yes,artist_looks.generated_image_url|artist_looks.generated_storage_path,yes
87,832fa0bc-1f7e-4586-ab8b-2ac323698ede/8d4a4d22-41c0-43ab-ba99-92750f81e335/5bc38944-6235-409f-b43d-5c219e57bf34.jpg,3ca10935-8c3d-4479-9a0c-8bfe8050840c/8d4a4d22-41c0-43ab-ba99-92750f81e335/5bc38944-6235-409f-b43d-5c219e57bf34.jpg,203137,image/jpeg,composite/other,yes,artist_looks.composition_recipe_json|artist_looks.generated_image_url|artist_looks.generated_storage_path,yes
88,832fa0bc-1f7e-4586-ab8b-2ac323698ede/8d4a4d22-41c0-43ab-ba99-92750f81e335/69190143-b19b-4b37-8dbe-2aa7a102bf54.png,3ca10935-8c3d-4479-9a0c-8bfe8050840c/8d4a4d22-41c0-43ab-ba99-92750f81e335/69190143-b19b-4b37-8dbe-2aa7a102bf54.png,1960352,image/png,composite/other,yes,artist_looks.generated_image_url|artist_looks.generated_storage_path,yes
89,832fa0bc-1f7e-4586-ab8b-2ac323698ede/8d4a4d22-41c0-43ab-ba99-92750f81e335/69190143-b19b-4b37-8dbe-2aa7a102bf54_flux_mask.png,3ca10935-8c3d-4479-9a0c-8bfe8050840c/8d4a4d22-41c0-43ab-ba99-92750f81e335/69190143-b19b-4b37-8dbe-2aa7a102bf54_flux_mask.png,32316,image/png,flux-interim,yes,artist_looks.composition_recipe_json,yes
90,832fa0bc-1f7e-4586-ab8b-2ac323698ede/8d4a4d22-41c0-43ab-ba99-92750f81e335/69190143-b19b-4b37-8dbe-2aa7a102bf54_flux_src.png,3ca10935-8c3d-4479-9a0c-8bfe8050840c/8d4a4d22-41c0-43ab-ba99-92750f81e335/69190143-b19b-4b37-8dbe-2aa7a102bf54_flux_src.png,1076817,image/png,flux-interim,yes,artist_looks.composition_recipe_json,yes
91,832fa0bc-1f7e-4586-ab8b-2ac323698ede/8d4a4d22-41c0-43ab-ba99-92750f81e335/69190143-b19b-4b37-8dbe-2aa7a102bf54_mask.png,3ca10935-8c3d-4479-9a0c-8bfe8050840c/8d4a4d22-41c0-43ab-ba99-92750f81e335/69190143-b19b-4b37-8dbe-2aa7a102bf54_mask.png,59213,image/png,composite/other,yes,artist_looks.composition_recipe_json,yes
92,832fa0bc-1f7e-4586-ab8b-2ac323698ede/8d4a4d22-41c0-43ab-ba99-92750f81e335/69190143-b19b-4b37-8dbe-2aa7a102bf54_pad_mask.png,3ca10935-8c3d-4479-9a0c-8bfe8050840c/8d4a4d22-41c0-43ab-ba99-92750f81e335/69190143-b19b-4b37-8dbe-2aa7a102bf54_pad_mask.png,59529,image/png,composite/other,yes,artist_looks.composition_recipe_json,yes
93,832fa0bc-1f7e-4586-ab8b-2ac323698ede/8d4a4d22-41c0-43ab-ba99-92750f81e335/69190143-b19b-4b37-8dbe-2aa7a102bf54_pad_src.png,3ca10935-8c3d-4479-9a0c-8bfe8050840c/8d4a4d22-41c0-43ab-ba99-92750f81e335/69190143-b19b-4b37-8dbe-2aa7a102bf54_pad_src.png,1955197,image/png,composite/other,yes,artist_looks.composition_recipe_json,yes
94,832fa0bc-1f7e-4586-ab8b-2ac323698ede/8d4a4d22-41c0-43ab-ba99-92750f81e335/69190143-b19b-4b37-8dbe-2aa7a102bf54_source1080.png,3ca10935-8c3d-4479-9a0c-8bfe8050840c/8d4a4d22-41c0-43ab-ba99-92750f81e335/69190143-b19b-4b37-8dbe-2aa7a102bf54_source1080.png,1954787,image/png,composite/other,yes,artist_looks.composition_recipe_json,yes
95,832fa0bc-1f7e-4586-ab8b-2ac323698ede/8d4a4d22-41c0-43ab-ba99-92750f81e335/6bb75998-1ce3-47d1-8081-56a461e5259c.jpg,3ca10935-8c3d-4479-9a0c-8bfe8050840c/8d4a4d22-41c0-43ab-ba99-92750f81e335/6bb75998-1ce3-47d1-8081-56a461e5259c.jpg,173343,image/jpeg,composite/other,yes,artist_looks.composition_recipe_json|artist_looks.generated_image_url|artist_looks.generated_storage_path,yes
96,832fa0bc-1f7e-4586-ab8b-2ac323698ede/8d4a4d22-41c0-43ab-ba99-92750f81e335/7ac3f98b-745b-4d92-b7c8-ca80a03e2c5b.png,3ca10935-8c3d-4479-9a0c-8bfe8050840c/8d4a4d22-41c0-43ab-ba99-92750f81e335/7ac3f98b-745b-4d92-b7c8-ca80a03e2c5b.png,8933537,image/png,composite/other,yes,artist_looks.generated_image_url|artist_looks.generated_storage_path,yes
97,832fa0bc-1f7e-4586-ab8b-2ac323698ede/8d4a4d22-41c0-43ab-ba99-92750f81e335/7d73e592-2655-4f9b-8d23-23e9171df541.jpg,3ca10935-8c3d-4479-9a0c-8bfe8050840c/8d4a4d22-41c0-43ab-ba99-92750f81e335/7d73e592-2655-4f9b-8d23-23e9171df541.jpg,205733,image/jpeg,composite/other,yes,artist_looks.generated_image_url|artist_looks.generated_storage_path,yes
98,832fa0bc-1f7e-4586-ab8b-2ac323698ede/8d4a4d22-41c0-43ab-ba99-92750f81e335/7ef86895-9515-427d-ba06-938a7df44702.jpg,3ca10935-8c3d-4479-9a0c-8bfe8050840c/8d4a4d22-41c0-43ab-ba99-92750f81e335/7ef86895-9515-427d-ba06-938a7df44702.jpg,202847,image/jpeg,composite/other,yes,artist_looks.generated_image_url|artist_looks.generated_storage_path,yes
99,832fa0bc-1f7e-4586-ab8b-2ac323698ede/8d4a4d22-41c0-43ab-ba99-92750f81e335/80c34372-43a9-4a6a-94e2-30766d8d6526.jpg,3ca10935-8c3d-4479-9a0c-8bfe8050840c/8d4a4d22-41c0-43ab-ba99-92750f81e335/80c34372-43a9-4a6a-94e2-30766d8d6526.jpg,218727,image/jpeg,composite/other,yes,artist_looks.generated_image_url|artist_looks.generated_storage_path,yes
100,832fa0bc-1f7e-4586-ab8b-2ac323698ede/8d4a4d22-41c0-43ab-ba99-92750f81e335/816d40b6-f236-48b3-825e-da836672767c.png,3ca10935-8c3d-4479-9a0c-8bfe8050840c/8d4a4d22-41c0-43ab-ba99-92750f81e335/816d40b6-f236-48b3-825e-da836672767c.png,1143755,image/png,composite/other,yes,artist_looks.generated_image_url|artist_looks.generated_storage_path,yes
101,832fa0bc-1f7e-4586-ab8b-2ac323698ede/8d4a4d22-41c0-43ab-ba99-92750f81e335/86d67e67-bb03-4a56-a708-f4f82cec38e5.jpg,3ca10935-8c3d-4479-9a0c-8bfe8050840c/8d4a4d22-41c0-43ab-ba99-92750f81e335/86d67e67-bb03-4a56-a708-f4f82cec38e5.jpg,201651,image/jpeg,composite/other,yes,artist_looks.composition_recipe_json|artist_looks.generated_image_url|artist_looks.generated_storage_path,yes
102,832fa0bc-1f7e-4586-ab8b-2ac323698ede/8d4a4d22-41c0-43ab-ba99-92750f81e335/86f1d4db-841c-4ec5-9151-088b2a3a6b04.jpg,3ca10935-8c3d-4479-9a0c-8bfe8050840c/8d4a4d22-41c0-43ab-ba99-92750f81e335/86f1d4db-841c-4ec5-9151-088b2a3a6b04.jpg,209759,image/jpeg,composite/other,yes,artist_looks.composition_recipe_json|artist_looks.generated_image_url|artist_looks.generated_storage_path,yes
103,832fa0bc-1f7e-4586-ab8b-2ac323698ede/8d4a4d22-41c0-43ab-ba99-92750f81e335/872a6f2e-e0fd-4403-abdc-bdc921e09656.png,3ca10935-8c3d-4479-9a0c-8bfe8050840c/8d4a4d22-41c0-43ab-ba99-92750f81e335/872a6f2e-e0fd-4403-abdc-bdc921e09656.png,7610040,image/png,composite/other,yes,artist_looks.generated_image_url|artist_looks.generated_storage_path,yes
104,832fa0bc-1f7e-4586-ab8b-2ac323698ede/8d4a4d22-41c0-43ab-ba99-92750f81e335/8f1a1c11-9ffb-4a7e-95b5-20c0ced40687.png,3ca10935-8c3d-4479-9a0c-8bfe8050840c/8d4a4d22-41c0-43ab-ba99-92750f81e335/8f1a1c11-9ffb-4a7e-95b5-20c0ced40687.png,1494193,image/png,composite/other,yes,artist_looks.generated_image_url|artist_looks.generated_storage_path,yes
105,832fa0bc-1f7e-4586-ab8b-2ac323698ede/8d4a4d22-41c0-43ab-ba99-92750f81e335/91069f13-4e77-4949-8764-5a213cd70e7f.png,3ca10935-8c3d-4479-9a0c-8bfe8050840c/8d4a4d22-41c0-43ab-ba99-92750f81e335/91069f13-4e77-4949-8764-5a213cd70e7f.png,1386066,image/png,composite/other,yes,artist_looks.generated_image_url|artist_looks.generated_storage_path,yes
106,832fa0bc-1f7e-4586-ab8b-2ac323698ede/8d4a4d22-41c0-43ab-ba99-92750f81e335/95406911-706b-420f-8214-16c03b2e53d4.jpg,3ca10935-8c3d-4479-9a0c-8bfe8050840c/8d4a4d22-41c0-43ab-ba99-92750f81e335/95406911-706b-420f-8214-16c03b2e53d4.jpg,179029,image/jpeg,composite/other,yes,artist_looks.composition_recipe_json|artist_looks.generated_image_url|artist_looks.generated_storage_path,yes
107,832fa0bc-1f7e-4586-ab8b-2ac323698ede/8d4a4d22-41c0-43ab-ba99-92750f81e335/954a6ddf-3b58-451e-a8e8-c5e89b8fb58b_face_guard.png,3ca10935-8c3d-4479-9a0c-8bfe8050840c/8d4a4d22-41c0-43ab-ba99-92750f81e335/954a6ddf-3b58-451e-a8e8-c5e89b8fb58b_face_guard.png,71956,image/png,face-guard,yes,artist_looks.composition_recipe_json,yes
108,832fa0bc-1f7e-4586-ab8b-2ac323698ede/8d4a4d22-41c0-43ab-ba99-92750f81e335/954a6ddf-3b58-451e-a8e8-c5e89b8fb58b_flux_mask.png,3ca10935-8c3d-4479-9a0c-8bfe8050840c/8d4a4d22-41c0-43ab-ba99-92750f81e335/954a6ddf-3b58-451e-a8e8-c5e89b8fb58b_flux_mask.png,32535,image/png,flux-interim,yes,artist_looks.composition_recipe_json,yes
109,832fa0bc-1f7e-4586-ab8b-2ac323698ede/8d4a4d22-41c0-43ab-ba99-92750f81e335/954a6ddf-3b58-451e-a8e8-c5e89b8fb58b_flux_src.png,3ca10935-8c3d-4479-9a0c-8bfe8050840c/8d4a4d22-41c0-43ab-ba99-92750f81e335/954a6ddf-3b58-451e-a8e8-c5e89b8fb58b_flux_src.png,1439460,image/png,flux-interim,yes,artist_looks.composition_recipe_json,yes
110,832fa0bc-1f7e-4586-ab8b-2ac323698ede/8d4a4d22-41c0-43ab-ba99-92750f81e335/954a6ddf-3b58-451e-a8e8-c5e89b8fb58b_mask.png,3ca10935-8c3d-4479-9a0c-8bfe8050840c/8d4a4d22-41c0-43ab-ba99-92750f81e335/954a6ddf-3b58-451e-a8e8-c5e89b8fb58b_mask.png,59100,image/png,composite/other,yes,artist_looks.composition_recipe_json,yes
111,832fa0bc-1f7e-4586-ab8b-2ac323698ede/8d4a4d22-41c0-43ab-ba99-92750f81e335/954a6ddf-3b58-451e-a8e8-c5e89b8fb58b_pad_mask.png,3ca10935-8c3d-4479-9a0c-8bfe8050840c/8d4a4d22-41c0-43ab-ba99-92750f81e335/954a6ddf-3b58-451e-a8e8-c5e89b8fb58b_pad_mask.png,59772,image/png,composite/other,yes,artist_looks.composition_recipe_json,yes
112,832fa0bc-1f7e-4586-ab8b-2ac323698ede/8d4a4d22-41c0-43ab-ba99-92750f81e335/954a6ddf-3b58-451e-a8e8-c5e89b8fb58b_pad_src.png,3ca10935-8c3d-4479-9a0c-8bfe8050840c/8d4a4d22-41c0-43ab-ba99-92750f81e335/954a6ddf-3b58-451e-a8e8-c5e89b8fb58b_pad_src.png,2645693,image/png,composite/other,yes,artist_looks.composition_recipe_json,yes
113,832fa0bc-1f7e-4586-ab8b-2ac323698ede/8d4a4d22-41c0-43ab-ba99-92750f81e335/954a6ddf-3b58-451e-a8e8-c5e89b8fb58b_source1080.png,3ca10935-8c3d-4479-9a0c-8bfe8050840c/8d4a4d22-41c0-43ab-ba99-92750f81e335/954a6ddf-3b58-451e-a8e8-c5e89b8fb58b_source1080.png,2643157,image/png,composite/other,yes,artist_looks.composition_recipe_json,yes
114,832fa0bc-1f7e-4586-ab8b-2ac323698ede/8d4a4d22-41c0-43ab-ba99-92750f81e335/965dc36a-0aca-4821-8472-96e736de984a.jpg,3ca10935-8c3d-4479-9a0c-8bfe8050840c/8d4a4d22-41c0-43ab-ba99-92750f81e335/965dc36a-0aca-4821-8472-96e736de984a.jpg,199937,image/jpeg,composite/other,yes,artist_looks.generated_image_url|artist_looks.generated_storage_path,yes
115,832fa0bc-1f7e-4586-ab8b-2ac323698ede/8d4a4d22-41c0-43ab-ba99-92750f81e335/9aa9754d-d73e-4d10-8ff1-00d69364504a.jpg,3ca10935-8c3d-4479-9a0c-8bfe8050840c/8d4a4d22-41c0-43ab-ba99-92750f81e335/9aa9754d-d73e-4d10-8ff1-00d69364504a.jpg,209309,image/jpeg,composite/other,yes,artist_looks.generated_image_url|artist_looks.generated_storage_path,yes
116,832fa0bc-1f7e-4586-ab8b-2ac323698ede/8d4a4d22-41c0-43ab-ba99-92750f81e335/9b055f52-44e6-4255-aa73-ea65806691b4_face_guard.png,3ca10935-8c3d-4479-9a0c-8bfe8050840c/8d4a4d22-41c0-43ab-ba99-92750f81e335/9b055f52-44e6-4255-aa73-ea65806691b4_face_guard.png,71956,image/png,face-guard,yes,artist_looks.composition_recipe_json,yes
117,832fa0bc-1f7e-4586-ab8b-2ac323698ede/8d4a4d22-41c0-43ab-ba99-92750f81e335/9b055f52-44e6-4255-aa73-ea65806691b4_flux_mask.png,3ca10935-8c3d-4479-9a0c-8bfe8050840c/8d4a4d22-41c0-43ab-ba99-92750f81e335/9b055f52-44e6-4255-aa73-ea65806691b4_flux_mask.png,32535,image/png,flux-interim,yes,artist_looks.composition_recipe_json,yes
118,832fa0bc-1f7e-4586-ab8b-2ac323698ede/8d4a4d22-41c0-43ab-ba99-92750f81e335/9b055f52-44e6-4255-aa73-ea65806691b4_flux_src.png,3ca10935-8c3d-4479-9a0c-8bfe8050840c/8d4a4d22-41c0-43ab-ba99-92750f81e335/9b055f52-44e6-4255-aa73-ea65806691b4_flux_src.png,1439460,image/png,flux-interim,yes,artist_looks.composition_recipe_json,yes
119,832fa0bc-1f7e-4586-ab8b-2ac323698ede/8d4a4d22-41c0-43ab-ba99-92750f81e335/9b055f52-44e6-4255-aa73-ea65806691b4_mask.png,3ca10935-8c3d-4479-9a0c-8bfe8050840c/8d4a4d22-41c0-43ab-ba99-92750f81e335/9b055f52-44e6-4255-aa73-ea65806691b4_mask.png,59100,image/png,composite/other,yes,artist_looks.composition_recipe_json,yes
120,832fa0bc-1f7e-4586-ab8b-2ac323698ede/8d4a4d22-41c0-43ab-ba99-92750f81e335/9b055f52-44e6-4255-aa73-ea65806691b4_pad_mask.png,3ca10935-8c3d-4479-9a0c-8bfe8050840c/8d4a4d22-41c0-43ab-ba99-92750f81e335/9b055f52-44e6-4255-aa73-ea65806691b4_pad_mask.png,59772,image/png,composite/other,yes,artist_looks.composition_recipe_json,yes
121,832fa0bc-1f7e-4586-ab8b-2ac323698ede/8d4a4d22-41c0-43ab-ba99-92750f81e335/9b055f52-44e6-4255-aa73-ea65806691b4_pad_src.png,3ca10935-8c3d-4479-9a0c-8bfe8050840c/8d4a4d22-41c0-43ab-ba99-92750f81e335/9b055f52-44e6-4255-aa73-ea65806691b4_pad_src.png,2645693,image/png,composite/other,yes,artist_looks.composition_recipe_json,yes
122,832fa0bc-1f7e-4586-ab8b-2ac323698ede/8d4a4d22-41c0-43ab-ba99-92750f81e335/9b055f52-44e6-4255-aa73-ea65806691b4_source1080.png,3ca10935-8c3d-4479-9a0c-8bfe8050840c/8d4a4d22-41c0-43ab-ba99-92750f81e335/9b055f52-44e6-4255-aa73-ea65806691b4_source1080.png,2643157,image/png,composite/other,yes,artist_looks.composition_recipe_json,yes
123,832fa0bc-1f7e-4586-ab8b-2ac323698ede/8d4a4d22-41c0-43ab-ba99-92750f81e335/a0e66633-64fa-41e5-90a6-1fb914ae1959.jpg,3ca10935-8c3d-4479-9a0c-8bfe8050840c/8d4a4d22-41c0-43ab-ba99-92750f81e335/a0e66633-64fa-41e5-90a6-1fb914ae1959.jpg,205342,image/jpeg,composite/other,yes,artist_looks.generated_image_url|artist_looks.generated_storage_path,yes
124,832fa0bc-1f7e-4586-ab8b-2ac323698ede/8d4a4d22-41c0-43ab-ba99-92750f81e335/a540b213-f3ee-491d-8f42-c892ea755e6f.png,3ca10935-8c3d-4479-9a0c-8bfe8050840c/8d4a4d22-41c0-43ab-ba99-92750f81e335/a540b213-f3ee-491d-8f42-c892ea755e6f.png,943551,image/png,composite/other,yes,artist_looks.generated_image_url|artist_looks.generated_storage_path,yes
125,832fa0bc-1f7e-4586-ab8b-2ac323698ede/8d4a4d22-41c0-43ab-ba99-92750f81e335/a540b213-f3ee-491d-8f42-c892ea755e6f_vton_raw.png,3ca10935-8c3d-4479-9a0c-8bfe8050840c/8d4a4d22-41c0-43ab-ba99-92750f81e335/a540b213-f3ee-491d-8f42-c892ea755e6f_vton_raw.png,943551,image/png,composite/other,yes,artist_looks.composition_recipe_json,yes
126,832fa0bc-1f7e-4586-ab8b-2ac323698ede/8d4a4d22-41c0-43ab-ba99-92750f81e335/b18f20a6-2bea-4813-873d-2a227846b5f2.png,3ca10935-8c3d-4479-9a0c-8bfe8050840c/8d4a4d22-41c0-43ab-ba99-92750f81e335/b18f20a6-2bea-4813-873d-2a227846b5f2.png,1368145,image/png,composite/other,yes,artist_looks.generated_image_url|artist_looks.generated_storage_path,yes
127,832fa0bc-1f7e-4586-ab8b-2ac323698ede/8d4a4d22-41c0-43ab-ba99-92750f81e335/b48616b9-f477-4073-97ee-b4e58ff7bcdb.jpg,3ca10935-8c3d-4479-9a0c-8bfe8050840c/8d4a4d22-41c0-43ab-ba99-92750f81e335/b48616b9-f477-4073-97ee-b4e58ff7bcdb.jpg,261104,image/jpeg,composite/other,yes,artist_looks.generated_image_url|artist_looks.generated_storage_path,yes
128,832fa0bc-1f7e-4586-ab8b-2ac323698ede/8d4a4d22-41c0-43ab-ba99-92750f81e335/beb96dfc-e827-4f14-a4c9-e79b8703a8cc.jpg,3ca10935-8c3d-4479-9a0c-8bfe8050840c/8d4a4d22-41c0-43ab-ba99-92750f81e335/beb96dfc-e827-4f14-a4c9-e79b8703a8cc.jpg,193879,image/jpeg,composite/other,yes,artist_looks.generated_image_url|artist_looks.generated_storage_path,yes
129,832fa0bc-1f7e-4586-ab8b-2ac323698ede/8d4a4d22-41c0-43ab-ba99-92750f81e335/bf742ac5-e60a-4662-ad1f-5351e47b2b3e.jpg,3ca10935-8c3d-4479-9a0c-8bfe8050840c/8d4a4d22-41c0-43ab-ba99-92750f81e335/bf742ac5-e60a-4662-ad1f-5351e47b2b3e.jpg,268274,image/jpeg,composite/other,yes,artist_looks.generated_image_url|artist_looks.generated_storage_path,yes
130,832fa0bc-1f7e-4586-ab8b-2ac323698ede/8d4a4d22-41c0-43ab-ba99-92750f81e335/c0879276-cd02-49b5-9d75-1ba77ea51f6b.jpg,3ca10935-8c3d-4479-9a0c-8bfe8050840c/8d4a4d22-41c0-43ab-ba99-92750f81e335/c0879276-cd02-49b5-9d75-1ba77ea51f6b.jpg,289703,image/jpeg,composite/other,yes,artist_looks.generated_image_url|artist_looks.generated_storage_path,yes
131,832fa0bc-1f7e-4586-ab8b-2ac323698ede/8d4a4d22-41c0-43ab-ba99-92750f81e335/c3e77795-3f32-4a9c-89ae-f4e512a758e6_flux_mask.png,3ca10935-8c3d-4479-9a0c-8bfe8050840c/8d4a4d22-41c0-43ab-ba99-92750f81e335/c3e77795-3f32-4a9c-89ae-f4e512a758e6_flux_mask.png,39797,image/png,flux-interim,yes,artist_looks.composition_recipe_json,yes
132,832fa0bc-1f7e-4586-ab8b-2ac323698ede/8d4a4d22-41c0-43ab-ba99-92750f81e335/c3e77795-3f32-4a9c-89ae-f4e512a758e6_flux_src.png,3ca10935-8c3d-4479-9a0c-8bfe8050840c/8d4a4d22-41c0-43ab-ba99-92750f81e335/c3e77795-3f32-4a9c-89ae-f4e512a758e6_flux_src.png,1957769,image/png,flux-interim,yes,artist_looks.composition_recipe_json,yes
133,832fa0bc-1f7e-4586-ab8b-2ac323698ede/8d4a4d22-41c0-43ab-ba99-92750f81e335/c3e77795-3f32-4a9c-89ae-f4e512a758e6_mask.png,3ca10935-8c3d-4479-9a0c-8bfe8050840c/8d4a4d22-41c0-43ab-ba99-92750f81e335/c3e77795-3f32-4a9c-89ae-f4e512a758e6_mask.png,70946,image/png,composite/other,yes,artist_looks.composition_recipe_json,yes
134,832fa0bc-1f7e-4586-ab8b-2ac323698ede/8d4a4d22-41c0-43ab-ba99-92750f81e335/c3e77795-3f32-4a9c-89ae-f4e512a758e6_pad_mask.png,3ca10935-8c3d-4479-9a0c-8bfe8050840c/8d4a4d22-41c0-43ab-ba99-92750f81e335/c3e77795-3f32-4a9c-89ae-f4e512a758e6_pad_mask.png,71429,image/png,composite/other,yes,artist_looks.composition_recipe_json,yes
135,832fa0bc-1f7e-4586-ab8b-2ac323698ede/8d4a4d22-41c0-43ab-ba99-92750f81e335/c3e77795-3f32-4a9c-89ae-f4e512a758e6_pad_src.png,3ca10935-8c3d-4479-9a0c-8bfe8050840c/8d4a4d22-41c0-43ab-ba99-92750f81e335/c3e77795-3f32-4a9c-89ae-f4e512a758e6_pad_src.png,3575137,image/png,composite/other,yes,artist_looks.composition_recipe_json,yes
136,832fa0bc-1f7e-4586-ab8b-2ac323698ede/8d4a4d22-41c0-43ab-ba99-92750f81e335/c3e77795-3f32-4a9c-89ae-f4e512a758e6_source1080.png,3ca10935-8c3d-4479-9a0c-8bfe8050840c/8d4a4d22-41c0-43ab-ba99-92750f81e335/c3e77795-3f32-4a9c-89ae-f4e512a758e6_source1080.png,3571791,image/png,composite/other,yes,artist_looks.composition_recipe_json,yes
137,832fa0bc-1f7e-4586-ab8b-2ac323698ede/8d4a4d22-41c0-43ab-ba99-92750f81e335/c8705f75-d062-43fe-a411-3add18c258b0.jpg,3ca10935-8c3d-4479-9a0c-8bfe8050840c/8d4a4d22-41c0-43ab-ba99-92750f81e335/c8705f75-d062-43fe-a411-3add18c258b0.jpg,205740,image/jpeg,composite/other,yes,artist_looks.generated_image_url|artist_looks.generated_storage_path,yes
138,832fa0bc-1f7e-4586-ab8b-2ac323698ede/8d4a4d22-41c0-43ab-ba99-92750f81e335/ca8c1b64-9dde-489b-927b-f2448d0c6fa5.png,3ca10935-8c3d-4479-9a0c-8bfe8050840c/8d4a4d22-41c0-43ab-ba99-92750f81e335/ca8c1b64-9dde-489b-927b-f2448d0c6fa5.png,1152606,image/png,composite/other,yes,artist_looks.generated_image_url|artist_looks.generated_storage_path,yes
139,832fa0bc-1f7e-4586-ab8b-2ac323698ede/8d4a4d22-41c0-43ab-ba99-92750f81e335/cd9307c4-75ec-4bed-81bd-c45e96271121.png,3ca10935-8c3d-4479-9a0c-8bfe8050840c/8d4a4d22-41c0-43ab-ba99-92750f81e335/cd9307c4-75ec-4bed-81bd-c45e96271121.png,1229620,image/png,composite/other,yes,artist_looks.generated_image_url|artist_looks.generated_storage_path,yes
140,832fa0bc-1f7e-4586-ab8b-2ac323698ede/8d4a4d22-41c0-43ab-ba99-92750f81e335/d0daa642-4ca0-45ba-97b1-71e88a0c034d.png,3ca10935-8c3d-4479-9a0c-8bfe8050840c/8d4a4d22-41c0-43ab-ba99-92750f81e335/d0daa642-4ca0-45ba-97b1-71e88a0c034d.png,7274934,image/png,composite/other,yes,artist_looks.generated_image_url|artist_looks.generated_storage_path,yes
141,832fa0bc-1f7e-4586-ab8b-2ac323698ede/8d4a4d22-41c0-43ab-ba99-92750f81e335/d67c3f87-61f6-4320-a2dc-8601ae41b774.jpg,3ca10935-8c3d-4479-9a0c-8bfe8050840c/8d4a4d22-41c0-43ab-ba99-92750f81e335/d67c3f87-61f6-4320-a2dc-8601ae41b774.jpg,174723,image/jpeg,composite/other,yes,artist_looks.composition_recipe_json|artist_looks.generated_image_url|artist_looks.generated_storage_path,yes
142,832fa0bc-1f7e-4586-ab8b-2ac323698ede/8d4a4d22-41c0-43ab-ba99-92750f81e335/dd13a32f-ce6a-42c6-b1e8-8629cc8f72eb.png,3ca10935-8c3d-4479-9a0c-8bfe8050840c/8d4a4d22-41c0-43ab-ba99-92750f81e335/dd13a32f-ce6a-42c6-b1e8-8629cc8f72eb.png,3088938,image/png,composite/other,yes,artist_looks.generated_image_url|artist_looks.generated_storage_path,yes
143,832fa0bc-1f7e-4586-ab8b-2ac323698ede/8d4a4d22-41c0-43ab-ba99-92750f81e335/dd13a32f-ce6a-42c6-b1e8-8629cc8f72eb_flux_mask.png,3ca10935-8c3d-4479-9a0c-8bfe8050840c/8d4a4d22-41c0-43ab-ba99-92750f81e335/dd13a32f-ce6a-42c6-b1e8-8629cc8f72eb_flux_mask.png,39765,image/png,flux-interim,yes,artist_looks.composition_recipe_json,yes
144,832fa0bc-1f7e-4586-ab8b-2ac323698ede/8d4a4d22-41c0-43ab-ba99-92750f81e335/dd13a32f-ce6a-42c6-b1e8-8629cc8f72eb_flux_src.png,3ca10935-8c3d-4479-9a0c-8bfe8050840c/8d4a4d22-41c0-43ab-ba99-92750f81e335/dd13a32f-ce6a-42c6-b1e8-8629cc8f72eb_flux_src.png,1957769,image/png,flux-interim,yes,artist_looks.composition_recipe_json,yes
145,832fa0bc-1f7e-4586-ab8b-2ac323698ede/8d4a4d22-41c0-43ab-ba99-92750f81e335/dd13a32f-ce6a-42c6-b1e8-8629cc8f72eb_mask.png,3ca10935-8c3d-4479-9a0c-8bfe8050840c/8d4a4d22-41c0-43ab-ba99-92750f81e335/dd13a32f-ce6a-42c6-b1e8-8629cc8f72eb_mask.png,70797,image/png,composite/other,yes,artist_looks.composition_recipe_json,yes
146,832fa0bc-1f7e-4586-ab8b-2ac323698ede/8d4a4d22-41c0-43ab-ba99-92750f81e335/dd13a32f-ce6a-42c6-b1e8-8629cc8f72eb_pad_mask.png,3ca10935-8c3d-4479-9a0c-8bfe8050840c/8d4a4d22-41c0-43ab-ba99-92750f81e335/dd13a32f-ce6a-42c6-b1e8-8629cc8f72eb_pad_mask.png,71272,image/png,composite/other,yes,artist_looks.composition_recipe_json,yes
147,832fa0bc-1f7e-4586-ab8b-2ac323698ede/8d4a4d22-41c0-43ab-ba99-92750f81e335/dd13a32f-ce6a-42c6-b1e8-8629cc8f72eb_pad_src.png,3ca10935-8c3d-4479-9a0c-8bfe8050840c/8d4a4d22-41c0-43ab-ba99-92750f81e335/dd13a32f-ce6a-42c6-b1e8-8629cc8f72eb_pad_src.png,3575137,image/png,composite/other,yes,artist_looks.composition_recipe_json,yes
148,832fa0bc-1f7e-4586-ab8b-2ac323698ede/8d4a4d22-41c0-43ab-ba99-92750f81e335/dd13a32f-ce6a-42c6-b1e8-8629cc8f72eb_source1080.png,3ca10935-8c3d-4479-9a0c-8bfe8050840c/8d4a4d22-41c0-43ab-ba99-92750f81e335/dd13a32f-ce6a-42c6-b1e8-8629cc8f72eb_source1080.png,3571791,image/png,composite/other,yes,artist_looks.composition_recipe_json,yes
149,832fa0bc-1f7e-4586-ab8b-2ac323698ede/8d4a4d22-41c0-43ab-ba99-92750f81e335/dd9ecfa8-f746-47aa-ab1f-ae59e2003e3f_flux_mask.png,3ca10935-8c3d-4479-9a0c-8bfe8050840c/8d4a4d22-41c0-43ab-ba99-92750f81e335/dd9ecfa8-f746-47aa-ab1f-ae59e2003e3f_flux_mask.png,32131,image/png,flux-interim,yes,artist_looks.composition_recipe_json,yes
150,832fa0bc-1f7e-4586-ab8b-2ac323698ede/8d4a4d22-41c0-43ab-ba99-92750f81e335/dd9ecfa8-f746-47aa-ab1f-ae59e2003e3f_flux_src.png,3ca10935-8c3d-4479-9a0c-8bfe8050840c/8d4a4d22-41c0-43ab-ba99-92750f81e335/dd9ecfa8-f746-47aa-ab1f-ae59e2003e3f_flux_src.png,716696,image/png,flux-interim,yes,artist_looks.composition_recipe_json,yes
151,832fa0bc-1f7e-4586-ab8b-2ac323698ede/8d4a4d22-41c0-43ab-ba99-92750f81e335/dd9ecfa8-f746-47aa-ab1f-ae59e2003e3f_mask.png,3ca10935-8c3d-4479-9a0c-8bfe8050840c/8d4a4d22-41c0-43ab-ba99-92750f81e335/dd9ecfa8-f746-47aa-ab1f-ae59e2003e3f_mask.png,58266,image/png,composite/other,yes,artist_looks.composition_recipe_json,yes
152,832fa0bc-1f7e-4586-ab8b-2ac323698ede/8d4a4d22-41c0-43ab-ba99-92750f81e335/dd9ecfa8-f746-47aa-ab1f-ae59e2003e3f_pad_mask.png,3ca10935-8c3d-4479-9a0c-8bfe8050840c/8d4a4d22-41c0-43ab-ba99-92750f81e335/dd9ecfa8-f746-47aa-ab1f-ae59e2003e3f_pad_mask.png,58651,image/png,composite/other,yes,artist_looks.composition_recipe_json,yes
153,832fa0bc-1f7e-4586-ab8b-2ac323698ede/8d4a4d22-41c0-43ab-ba99-92750f81e335/dd9ecfa8-f746-47aa-ab1f-ae59e2003e3f_pad_src.png,3ca10935-8c3d-4479-9a0c-8bfe8050840c/8d4a4d22-41c0-43ab-ba99-92750f81e335/dd9ecfa8-f746-47aa-ab1f-ae59e2003e3f_pad_src.png,954355,image/png,composite/other,yes,artist_looks.composition_recipe_json,yes
154,832fa0bc-1f7e-4586-ab8b-2ac323698ede/8d4a4d22-41c0-43ab-ba99-92750f81e335/dd9ecfa8-f746-47aa-ab1f-ae59e2003e3f_source1080.png,3ca10935-8c3d-4479-9a0c-8bfe8050840c/8d4a4d22-41c0-43ab-ba99-92750f81e335/dd9ecfa8-f746-47aa-ab1f-ae59e2003e3f_source1080.png,956762,image/png,composite/other,yes,artist_looks.composition_recipe_json,yes
155,832fa0bc-1f7e-4586-ab8b-2ac323698ede/8d4a4d22-41c0-43ab-ba99-92750f81e335/de0786d4-3be9-41e3-ae94-0830bc11d791.png,3ca10935-8c3d-4479-9a0c-8bfe8050840c/8d4a4d22-41c0-43ab-ba99-92750f81e335/de0786d4-3be9-41e3-ae94-0830bc11d791.png,8799854,image/png,composite/other,yes,artist_looks.generated_image_url|artist_looks.generated_storage_path,yes
156,832fa0bc-1f7e-4586-ab8b-2ac323698ede/8d4a4d22-41c0-43ab-ba99-92750f81e335/de08422c-f5f4-4cd2-b215-34c195cc84e5.png,3ca10935-8c3d-4479-9a0c-8bfe8050840c/8d4a4d22-41c0-43ab-ba99-92750f81e335/de08422c-f5f4-4cd2-b215-34c195cc84e5.png,9191774,image/png,composite/other,yes,artist_looks.generated_image_url|artist_looks.generated_storage_path,yes
157,832fa0bc-1f7e-4586-ab8b-2ac323698ede/8d4a4d22-41c0-43ab-ba99-92750f81e335/dfae982d-a7ed-4518-a233-ac0fe3f8e02f.jpg,3ca10935-8c3d-4479-9a0c-8bfe8050840c/8d4a4d22-41c0-43ab-ba99-92750f81e335/dfae982d-a7ed-4518-a233-ac0fe3f8e02f.jpg,206278,image/jpeg,composite/other,yes,artist_looks.generated_image_url|artist_looks.generated_storage_path,yes
158,832fa0bc-1f7e-4586-ab8b-2ac323698ede/8d4a4d22-41c0-43ab-ba99-92750f81e335/e92e846d-6bb7-4f83-9f10-0e19753f8dfe.png,3ca10935-8c3d-4479-9a0c-8bfe8050840c/8d4a4d22-41c0-43ab-ba99-92750f81e335/e92e846d-6bb7-4f83-9f10-0e19753f8dfe.png,859680,image/png,composite/other,yes,artist_looks.generated_image_url|artist_looks.generated_storage_path,yes
159,832fa0bc-1f7e-4586-ab8b-2ac323698ede/8d4a4d22-41c0-43ab-ba99-92750f81e335/e92e846d-6bb7-4f83-9f10-0e19753f8dfe_vton_raw.png,3ca10935-8c3d-4479-9a0c-8bfe8050840c/8d4a4d22-41c0-43ab-ba99-92750f81e335/e92e846d-6bb7-4f83-9f10-0e19753f8dfe_vton_raw.png,859680,image/png,composite/other,yes,artist_looks.composition_recipe_json,yes
160,832fa0bc-1f7e-4586-ab8b-2ac323698ede/8d4a4d22-41c0-43ab-ba99-92750f81e335/f248cdc2-6acc-4e18-a700-ab00de186468.png,3ca10935-8c3d-4479-9a0c-8bfe8050840c/8d4a4d22-41c0-43ab-ba99-92750f81e335/f248cdc2-6acc-4e18-a700-ab00de186468.png,1868973,image/png,composite/other,yes,artist_looks.generated_image_url|artist_looks.generated_storage_path,yes
161,832fa0bc-1f7e-4586-ab8b-2ac323698ede/8d4a4d22-41c0-43ab-ba99-92750f81e335/f248cdc2-6acc-4e18-a700-ab00de186468_flux_mask.png,3ca10935-8c3d-4479-9a0c-8bfe8050840c/8d4a4d22-41c0-43ab-ba99-92750f81e335/f248cdc2-6acc-4e18-a700-ab00de186468_flux_mask.png,36174,image/png,flux-interim,yes,artist_looks.composition_recipe_json,yes
162,832fa0bc-1f7e-4586-ab8b-2ac323698ede/8d4a4d22-41c0-43ab-ba99-92750f81e335/f248cdc2-6acc-4e18-a700-ab00de186468_flux_src.png,3ca10935-8c3d-4479-9a0c-8bfe8050840c/8d4a4d22-41c0-43ab-ba99-92750f81e335/f248cdc2-6acc-4e18-a700-ab00de186468_flux_src.png,1076817,image/png,flux-interim,yes,artist_looks.composition_recipe_json,yes
163,832fa0bc-1f7e-4586-ab8b-2ac323698ede/8d4a4d22-41c0-43ab-ba99-92750f81e335/f248cdc2-6acc-4e18-a700-ab00de186468_mask.png,3ca10935-8c3d-4479-9a0c-8bfe8050840c/8d4a4d22-41c0-43ab-ba99-92750f81e335/f248cdc2-6acc-4e18-a700-ab00de186468_mask.png,65619,image/png,composite/other,yes,artist_looks.composition_recipe_json,yes
164,832fa0bc-1f7e-4586-ab8b-2ac323698ede/8d4a4d22-41c0-43ab-ba99-92750f81e335/f248cdc2-6acc-4e18-a700-ab00de186468_pad_mask.png,3ca10935-8c3d-4479-9a0c-8bfe8050840c/8d4a4d22-41c0-43ab-ba99-92750f81e335/f248cdc2-6acc-4e18-a700-ab00de186468_pad_mask.png,65991,image/png,composite/other,yes,artist_looks.composition_recipe_json,yes
165,832fa0bc-1f7e-4586-ab8b-2ac323698ede/8d4a4d22-41c0-43ab-ba99-92750f81e335/f248cdc2-6acc-4e18-a700-ab00de186468_pad_src.png,3ca10935-8c3d-4479-9a0c-8bfe8050840c/8d4a4d22-41c0-43ab-ba99-92750f81e335/f248cdc2-6acc-4e18-a700-ab00de186468_pad_src.png,1955197,image/png,composite/other,yes,artist_looks.composition_recipe_json,yes
166,832fa0bc-1f7e-4586-ab8b-2ac323698ede/8d4a4d22-41c0-43ab-ba99-92750f81e335/f248cdc2-6acc-4e18-a700-ab00de186468_source1080.png,3ca10935-8c3d-4479-9a0c-8bfe8050840c/8d4a4d22-41c0-43ab-ba99-92750f81e335/f248cdc2-6acc-4e18-a700-ab00de186468_source1080.png,1954787,image/png,composite/other,yes,artist_looks.composition_recipe_json,yes
167,832fa0bc-1f7e-4586-ab8b-2ac323698ede/8d4a4d22-41c0-43ab-ba99-92750f81e335/f448c387-de20-4bd2-a9c7-22f3f7178719.jpg,3ca10935-8c3d-4479-9a0c-8bfe8050840c/8d4a4d22-41c0-43ab-ba99-92750f81e335/f448c387-de20-4bd2-a9c7-22f3f7178719.jpg,178966,image/jpeg,composite/other,yes,artist_looks.composition_recipe_json|artist_looks.generated_image_url|artist_looks.generated_storage_path,yes
168,832fa0bc-1f7e-4586-ab8b-2ac323698ede/8d4a4d22-41c0-43ab-ba99-92750f81e335/fa92e2c6-9f16-4a88-801c-e2a3b5da257c_face_guard.png,3ca10935-8c3d-4479-9a0c-8bfe8050840c/8d4a4d22-41c0-43ab-ba99-92750f81e335/fa92e2c6-9f16-4a88-801c-e2a3b5da257c_face_guard.png,78088,image/png,face-guard,NO(storage-only),,yes
169,832fa0bc-1f7e-4586-ab8b-2ac323698ede/8d4a4d22-41c0-43ab-ba99-92750f81e335/fa92e2c6-9f16-4a88-801c-e2a3b5da257c_flux_mask.png,3ca10935-8c3d-4479-9a0c-8bfe8050840c/8d4a4d22-41c0-43ab-ba99-92750f81e335/fa92e2c6-9f16-4a88-801c-e2a3b5da257c_flux_mask.png,31633,image/png,flux-interim,NO(storage-only),,yes
170,832fa0bc-1f7e-4586-ab8b-2ac323698ede/8d4a4d22-41c0-43ab-ba99-92750f81e335/fa92e2c6-9f16-4a88-801c-e2a3b5da257c_flux_src.png,3ca10935-8c3d-4479-9a0c-8bfe8050840c/8d4a4d22-41c0-43ab-ba99-92750f81e335/fa92e2c6-9f16-4a88-801c-e2a3b5da257c_flux_src.png,687242,image/png,flux-interim,NO(storage-only),,yes
171,832fa0bc-1f7e-4586-ab8b-2ac323698ede/8d4a4d22-41c0-43ab-ba99-92750f81e335/fa92e2c6-9f16-4a88-801c-e2a3b5da257c_mask.png,3ca10935-8c3d-4479-9a0c-8bfe8050840c/8d4a4d22-41c0-43ab-ba99-92750f81e335/fa92e2c6-9f16-4a88-801c-e2a3b5da257c_mask.png,58059,image/png,composite/other,NO(storage-only),,yes
172,832fa0bc-1f7e-4586-ab8b-2ac323698ede/8d4a4d22-41c0-43ab-ba99-92750f81e335/fa92e2c6-9f16-4a88-801c-e2a3b5da257c_pad_mask.png,3ca10935-8c3d-4479-9a0c-8bfe8050840c/8d4a4d22-41c0-43ab-ba99-92750f81e335/fa92e2c6-9f16-4a88-801c-e2a3b5da257c_pad_mask.png,58311,image/png,composite/other,NO(storage-only),,yes
173,832fa0bc-1f7e-4586-ab8b-2ac323698ede/8d4a4d22-41c0-43ab-ba99-92750f81e335/fa92e2c6-9f16-4a88-801c-e2a3b5da257c_pad_src.png,3ca10935-8c3d-4479-9a0c-8bfe8050840c/8d4a4d22-41c0-43ab-ba99-92750f81e335/fa92e2c6-9f16-4a88-801c-e2a3b5da257c_pad_src.png,921869,image/png,composite/other,NO(storage-only),,yes
174,832fa0bc-1f7e-4586-ab8b-2ac323698ede/8d4a4d22-41c0-43ab-ba99-92750f81e335/fa92e2c6-9f16-4a88-801c-e2a3b5da257c_source1080.png,3ca10935-8c3d-4479-9a0c-8bfe8050840c/8d4a4d22-41c0-43ab-ba99-92750f81e335/fa92e2c6-9f16-4a88-801c-e2a3b5da257c_source1080.png,922456,image/png,composite/other,NO(storage-only),,yes
175,832fa0bc-1f7e-4586-ab8b-2ac323698ede/8d4a4d22-41c0-43ab-ba99-92750f81e335/fb128288-6f95-4fc2-bf50-feebec6ab892.png,3ca10935-8c3d-4479-9a0c-8bfe8050840c/8d4a4d22-41c0-43ab-ba99-92750f81e335/fb128288-6f95-4fc2-bf50-feebec6ab892.png,8678740,image/png,composite/other,yes,artist_looks.generated_image_url|artist_looks.generated_storage_path,yes
176,832fa0bc-1f7e-4586-ab8b-2ac323698ede/8d4a4d22-41c0-43ab-ba99-92750f81e335/feb3074e-fdb8-4c82-a6dc-42b4bd4d3e5b.png,3ca10935-8c3d-4479-9a0c-8bfe8050840c/8d4a4d22-41c0-43ab-ba99-92750f81e335/feb3074e-fdb8-4c82-a6dc-42b4bd4d3e5b.png,7934489,image/png,composite/other,yes,artist_looks.generated_image_url|artist_looks.generated_storage_path,yes
177,832fa0bc-1f7e-4586-ab8b-2ac323698ede/8d4a4d22-41c0-43ab-ba99-92750f81e335/sam3/1e2ed4cb-1aed-453c-beae-5d722ab875e3_clothing.png,3ca10935-8c3d-4479-9a0c-8bfe8050840c/8d4a4d22-41c0-43ab-ba99-92750f81e335/sam3/1e2ed4cb-1aed-453c-beae-5d722ab875e3_clothing.png,1525709,image/png,sam3-mask,yes,artist_looks.composition_recipe_json,yes
178,832fa0bc-1f7e-4586-ab8b-2ac323698ede/8d4a4d22-41c0-43ab-ba99-92750f81e335/sam3/53aa8d86-b541-4bc9-a25a-9b19ec06984a_clothing.png,3ca10935-8c3d-4479-9a0c-8bfe8050840c/8d4a4d22-41c0-43ab-ba99-92750f81e335/sam3/53aa8d86-b541-4bc9-a25a-9b19ec06984a_clothing.png,1124648,image/png,sam3-mask,yes,artist_looks.composition_recipe_json,yes
179,832fa0bc-1f7e-4586-ab8b-2ac323698ede/8d4a4d22-41c0-43ab-ba99-92750f81e335/sam3/6e5d2478-e0ce-4590-a6a8-5cec97555e08_clothing.png,3ca10935-8c3d-4479-9a0c-8bfe8050840c/8d4a4d22-41c0-43ab-ba99-92750f81e335/sam3/6e5d2478-e0ce-4590-a6a8-5cec97555e08_clothing.png,1487105,image/png,sam3-mask,yes,artist_looks.composition_recipe_json,yes
180,832fa0bc-1f7e-4586-ab8b-2ac323698ede/8d4a4d22-41c0-43ab-ba99-92750f81e335/sam3/8e7afa86-2766-4bd7-affa-fc0ade7984e0_clothing.png,3ca10935-8c3d-4479-9a0c-8bfe8050840c/8d4a4d22-41c0-43ab-ba99-92750f81e335/sam3/8e7afa86-2766-4bd7-affa-fc0ade7984e0_clothing.png,1160773,image/png,sam3-mask,yes,artist_looks.composition_recipe_json,yes
181,832fa0bc-1f7e-4586-ab8b-2ac323698ede/8d4a4d22-41c0-43ab-ba99-92750f81e335/sam3/b9c3e7e7-408c-4c40-b6a8-ab74ccad74e6_clothing.png,3ca10935-8c3d-4479-9a0c-8bfe8050840c/8d4a4d22-41c0-43ab-ba99-92750f81e335/sam3/b9c3e7e7-408c-4c40-b6a8-ab74ccad74e6_clothing.png,977648,image/png,sam3-mask,yes,artist_looks.composition_recipe_json,yes
182,832fa0bc-1f7e-4586-ab8b-2ac323698ede/8d4a4d22-41c0-43ab-ba99-92750f81e335/sam3/cf638875-1266-480e-a59f-1971532066fa_clothing.png,3ca10935-8c3d-4479-9a0c-8bfe8050840c/8d4a4d22-41c0-43ab-ba99-92750f81e335/sam3/cf638875-1266-480e-a59f-1971532066fa_clothing.png,1385552,image/png,sam3-mask,yes,artist_looks.composition_recipe_json,yes
183,832fa0bc-1f7e-4586-ab8b-2ac323698ede/8d4a4d22-41c0-43ab-ba99-92750f81e335/sam3/d279f13a-64a4-4745-9bff-44ca8769bb4d_clothing.png,3ca10935-8c3d-4479-9a0c-8bfe8050840c/8d4a4d22-41c0-43ab-ba99-92750f81e335/sam3/d279f13a-64a4-4745-9bff-44ca8769bb4d_clothing.png,1544416,image/png,sam3-mask,yes,artist_looks.composition_recipe_json,yes
184,832fa0bc-1f7e-4586-ab8b-2ac323698ede/8d4a4d22-41c0-43ab-ba99-92750f81e335/sam3/f93af909-c5d0-4626-8599-552981ff8359_clothing.png,3ca10935-8c3d-4479-9a0c-8bfe8050840c/8d4a4d22-41c0-43ab-ba99-92750f81e335/sam3/f93af909-c5d0-4626-8599-552981ff8359_clothing.png,1552936,image/png,sam3-mask,yes,artist_looks.composition_recipe_json,yes
185,864088d5-02ff-4155-a9c8-572ae2cf1c0c/8d4a4d22-41c0-43ab-ba99-92750f81e335/892d9003-7575-48e2-b1ad-694e0c45bbb9.png,3ca10935-8c3d-4479-9a0c-8bfe8050840c/8d4a4d22-41c0-43ab-ba99-92750f81e335/892d9003-7575-48e2-b1ad-694e0c45bbb9.png,1944659,image/png,composite/other,NO(storage-only),,NO
186,9044c334-f5ea-41fa-b000-6d5407010343/8d4a4d22-41c0-43ab-ba99-92750f81e335/1639b147-05df-4f9e-bbc9-a79e5400d686_detail_debug.png,3ca10935-8c3d-4479-9a0c-8bfe8050840c/8d4a4d22-41c0-43ab-ba99-92750f81e335/1639b147-05df-4f9e-bbc9-a79e5400d686_detail_debug.png,1637732,image/png,composite/other,yes,artist_looks.composition_recipe_json,yes
187,9044c334-f5ea-41fa-b000-6d5407010343/8d4a4d22-41c0-43ab-ba99-92750f81e335/1639b147-05df-4f9e-bbc9-a79e5400d686_logo_composite.png,3ca10935-8c3d-4479-9a0c-8bfe8050840c/8d4a4d22-41c0-43ab-ba99-92750f81e335/1639b147-05df-4f9e-bbc9-a79e5400d686_logo_composite.png,1634082,image/png,composite/other,yes,artist_looks.composition_recipe_json|artist_looks.generated_image_url|artist_looks.generated_storage_path,yes
188,9044c334-f5ea-41fa-b000-6d5407010343/8d4a4d22-41c0-43ab-ba99-92750f81e335/1639b147-05df-4f9e-bbc9-a79e5400d686_vton_raw.png,3ca10935-8c3d-4479-9a0c-8bfe8050840c/8d4a4d22-41c0-43ab-ba99-92750f81e335/1639b147-05df-4f9e-bbc9-a79e5400d686_vton_raw.png,862233,image/png,composite/other,yes,artist_looks.composition_recipe_json,yes
189,9044c334-f5ea-41fa-b000-6d5407010343/8d4a4d22-41c0-43ab-ba99-92750f81e335/1c95712e-be4c-43fc-9c8b-d02b59c6264d.png,3ca10935-8c3d-4479-9a0c-8bfe8050840c/8d4a4d22-41c0-43ab-ba99-92750f81e335/1c95712e-be4c-43fc-9c8b-d02b59c6264d.png,16194305,image/png,composite/other,yes,artist_looks.generated_image_url|artist_looks.generated_storage_path,yes
190,9044c334-f5ea-41fa-b000-6d5407010343/8d4a4d22-41c0-43ab-ba99-92750f81e335/3096712c-b353-4f80-ad1b-aff297c43ba1_logo_composite.png,3ca10935-8c3d-4479-9a0c-8bfe8050840c/8d4a4d22-41c0-43ab-ba99-92750f81e335/3096712c-b353-4f80-ad1b-aff297c43ba1_logo_composite.png,1610309,image/png,composite/other,yes,artist_looks.composition_recipe_json|artist_looks.generated_image_url|artist_looks.generated_storage_path,yes
191,9044c334-f5ea-41fa-b000-6d5407010343/8d4a4d22-41c0-43ab-ba99-92750f81e335/3096712c-b353-4f80-ad1b-aff297c43ba1_vton_raw.png,3ca10935-8c3d-4479-9a0c-8bfe8050840c/8d4a4d22-41c0-43ab-ba99-92750f81e335/3096712c-b353-4f80-ad1b-aff297c43ba1_vton_raw.png,861953,image/png,composite/other,yes,artist_looks.composition_recipe_json,yes
192,9044c334-f5ea-41fa-b000-6d5407010343/8d4a4d22-41c0-43ab-ba99-92750f81e335/3887eecd-679c-45e3-8d9f-d67c5b5a1806_logo_composite.png,3ca10935-8c3d-4479-9a0c-8bfe8050840c/8d4a4d22-41c0-43ab-ba99-92750f81e335/3887eecd-679c-45e3-8d9f-d67c5b5a1806_logo_composite.png,1608391,image/png,composite/other,yes,artist_looks.composition_recipe_json|artist_looks.generated_image_url|artist_looks.generated_storage_path,yes
193,9044c334-f5ea-41fa-b000-6d5407010343/8d4a4d22-41c0-43ab-ba99-92750f81e335/3887eecd-679c-45e3-8d9f-d67c5b5a1806_vton_raw.png,3ca10935-8c3d-4479-9a0c-8bfe8050840c/8d4a4d22-41c0-43ab-ba99-92750f81e335/3887eecd-679c-45e3-8d9f-d67c5b5a1806_vton_raw.png,861764,image/png,composite/other,yes,artist_looks.composition_recipe_json,yes
194,9044c334-f5ea-41fa-b000-6d5407010343/8d4a4d22-41c0-43ab-ba99-92750f81e335/4b94d870-dc16-4e95-a456-ec71e8dc871f_detail_debug.png,3ca10935-8c3d-4479-9a0c-8bfe8050840c/8d4a4d22-41c0-43ab-ba99-92750f81e335/4b94d870-dc16-4e95-a456-ec71e8dc871f_detail_debug.png,1637583,image/png,composite/other,yes,artist_looks.composition_recipe_json,yes
195,9044c334-f5ea-41fa-b000-6d5407010343/8d4a4d22-41c0-43ab-ba99-92750f81e335/4b94d870-dc16-4e95-a456-ec71e8dc871f_logo_composite.png,3ca10935-8c3d-4479-9a0c-8bfe8050840c/8d4a4d22-41c0-43ab-ba99-92750f81e335/4b94d870-dc16-4e95-a456-ec71e8dc871f_logo_composite.png,1631576,image/png,composite/other,yes,artist_looks.composition_recipe_json|artist_looks.generated_image_url|artist_looks.generated_storage_path,yes
196,9044c334-f5ea-41fa-b000-6d5407010343/8d4a4d22-41c0-43ab-ba99-92750f81e335/4b94d870-dc16-4e95-a456-ec71e8dc871f_vton_raw.png,3ca10935-8c3d-4479-9a0c-8bfe8050840c/8d4a4d22-41c0-43ab-ba99-92750f81e335/4b94d870-dc16-4e95-a456-ec71e8dc871f_vton_raw.png,862294,image/png,composite/other,yes,artist_looks.composition_recipe_json,yes
197,9044c334-f5ea-41fa-b000-6d5407010343/8d4a4d22-41c0-43ab-ba99-92750f81e335/5fcc8bbc-65a2-487a-9325-b5177613ff81_logo_composite.png,3ca10935-8c3d-4479-9a0c-8bfe8050840c/8d4a4d22-41c0-43ab-ba99-92750f81e335/5fcc8bbc-65a2-487a-9325-b5177613ff81_logo_composite.png,1634247,image/png,composite/other,yes,artist_looks.composition_recipe_json|artist_looks.generated_image_url|artist_looks.generated_storage_path,yes
198,9044c334-f5ea-41fa-b000-6d5407010343/8d4a4d22-41c0-43ab-ba99-92750f81e335/5fcc8bbc-65a2-487a-9325-b5177613ff81_vton_raw.png,3ca10935-8c3d-4479-9a0c-8bfe8050840c/8d4a4d22-41c0-43ab-ba99-92750f81e335/5fcc8bbc-65a2-487a-9325-b5177613ff81_vton_raw.png,862002,image/png,composite/other,yes,artist_looks.composition_recipe_json,yes
199,9044c334-f5ea-41fa-b000-6d5407010343/8d4a4d22-41c0-43ab-ba99-92750f81e335/6770ab07-2aff-475a-8e79-ee01b5bb2515.png,3ca10935-8c3d-4479-9a0c-8bfe8050840c/8d4a4d22-41c0-43ab-ba99-92750f81e335/6770ab07-2aff-475a-8e79-ee01b5bb2515.png,862136,image/png,composite/other,yes,artist_looks.generated_image_url|artist_looks.generated_storage_path,yes
200,9044c334-f5ea-41fa-b000-6d5407010343/8d4a4d22-41c0-43ab-ba99-92750f81e335/6f0ce4d3-2e88-46c6-9560-94b330536469.jpg,3ca10935-8c3d-4479-9a0c-8bfe8050840c/8d4a4d22-41c0-43ab-ba99-92750f81e335/6f0ce4d3-2e88-46c6-9560-94b330536469.jpg,589509,image/jpeg,composite/other,yes,artist_looks.composition_recipe_json|artist_looks.generated_image_url|artist_looks.generated_storage_path,yes
201,9044c334-f5ea-41fa-b000-6d5407010343/8d4a4d22-41c0-43ab-ba99-92750f81e335/90da08a3-b429-46dd-aff6-57406235a98f.png,3ca10935-8c3d-4479-9a0c-8bfe8050840c/8d4a4d22-41c0-43ab-ba99-92750f81e335/90da08a3-b429-46dd-aff6-57406235a98f.png,1635300,image/png,composite/other,yes,artist_looks.generated_image_url|artist_looks.generated_storage_path,yes
202,9044c334-f5ea-41fa-b000-6d5407010343/8d4a4d22-41c0-43ab-ba99-92750f81e335/90da08a3-b429-46dd-aff6-57406235a98f_vton_raw.png,3ca10935-8c3d-4479-9a0c-8bfe8050840c/8d4a4d22-41c0-43ab-ba99-92750f81e335/90da08a3-b429-46dd-aff6-57406235a98f_vton_raw.png,862007,image/png,composite/other,yes,artist_looks.composition_recipe_json,yes
203,9044c334-f5ea-41fa-b000-6d5407010343/8d4a4d22-41c0-43ab-ba99-92750f81e335/95f0b94a-ed8e-44ef-a43c-e61d7d8a282e_detail_debug.png,3ca10935-8c3d-4479-9a0c-8bfe8050840c/8d4a4d22-41c0-43ab-ba99-92750f81e335/95f0b94a-ed8e-44ef-a43c-e61d7d8a282e_detail_debug.png,1637486,image/png,composite/other,yes,artist_looks.composition_recipe_json,yes
204,9044c334-f5ea-41fa-b000-6d5407010343/8d4a4d22-41c0-43ab-ba99-92750f81e335/95f0b94a-ed8e-44ef-a43c-e61d7d8a282e_logo_composite.png,3ca10935-8c3d-4479-9a0c-8bfe8050840c/8d4a4d22-41c0-43ab-ba99-92750f81e335/95f0b94a-ed8e-44ef-a43c-e61d7d8a282e_logo_composite.png,1631837,image/png,composite/other,yes,artist_looks.composition_recipe_json|artist_looks.generated_image_url|artist_looks.generated_storage_path,yes
205,9044c334-f5ea-41fa-b000-6d5407010343/8d4a4d22-41c0-43ab-ba99-92750f81e335/95f0b94a-ed8e-44ef-a43c-e61d7d8a282e_vton_raw.png,3ca10935-8c3d-4479-9a0c-8bfe8050840c/8d4a4d22-41c0-43ab-ba99-92750f81e335/95f0b94a-ed8e-44ef-a43c-e61d7d8a282e_vton_raw.png,861757,image/png,composite/other,yes,artist_looks.composition_recipe_json,yes
206,9044c334-f5ea-41fa-b000-6d5407010343/8d4a4d22-41c0-43ab-ba99-92750f81e335/ac427f2a-82c1-4f04-97f9-531d3d976a25_logo_composite.png,3ca10935-8c3d-4479-9a0c-8bfe8050840c/8d4a4d22-41c0-43ab-ba99-92750f81e335/ac427f2a-82c1-4f04-97f9-531d3d976a25_logo_composite.png,1609149,image/png,composite/other,yes,artist_looks.composition_recipe_json|artist_looks.generated_image_url|artist_looks.generated_storage_path,yes
207,9044c334-f5ea-41fa-b000-6d5407010343/8d4a4d22-41c0-43ab-ba99-92750f81e335/ac427f2a-82c1-4f04-97f9-531d3d976a25_vton_raw.png,3ca10935-8c3d-4479-9a0c-8bfe8050840c/8d4a4d22-41c0-43ab-ba99-92750f81e335/ac427f2a-82c1-4f04-97f9-531d3d976a25_vton_raw.png,861812,image/png,composite/other,yes,artist_looks.composition_recipe_json,yes
208,9044c334-f5ea-41fa-b000-6d5407010343/8d4a4d22-41c0-43ab-ba99-92750f81e335/cf46066e-e055-44b5-97bf-c7ee5f9956a4_detail_debug.png,3ca10935-8c3d-4479-9a0c-8bfe8050840c/8d4a4d22-41c0-43ab-ba99-92750f81e335/cf46066e-e055-44b5-97bf-c7ee5f9956a4_detail_debug.png,1637019,image/png,composite/other,yes,artist_looks.composition_recipe_json,yes
209,9044c334-f5ea-41fa-b000-6d5407010343/8d4a4d22-41c0-43ab-ba99-92750f81e335/cf46066e-e055-44b5-97bf-c7ee5f9956a4_logo_composite.png,3ca10935-8c3d-4479-9a0c-8bfe8050840c/8d4a4d22-41c0-43ab-ba99-92750f81e335/cf46066e-e055-44b5-97bf-c7ee5f9956a4_logo_composite.png,1628392,image/png,composite/other,yes,artist_looks.composition_recipe_json|artist_looks.generated_image_url|artist_looks.generated_storage_path,yes
210,9044c334-f5ea-41fa-b000-6d5407010343/8d4a4d22-41c0-43ab-ba99-92750f81e335/cf46066e-e055-44b5-97bf-c7ee5f9956a4_vton_raw.png,3ca10935-8c3d-4479-9a0c-8bfe8050840c/8d4a4d22-41c0-43ab-ba99-92750f81e335/cf46066e-e055-44b5-97bf-c7ee5f9956a4_vton_raw.png,862242,image/png,composite/other,yes,artist_looks.composition_recipe_json,yes
211,9044c334-f5ea-41fa-b000-6d5407010343/8d4a4d22-41c0-43ab-ba99-92750f81e335/imported_1781743872682.jpg,3ca10935-8c3d-4479-9a0c-8bfe8050840c/8d4a4d22-41c0-43ab-ba99-92750f81e335/imported_1781743872682.jpg,66410,image/jpeg,imported-look,yes,artist_looks.composition_recipe_json|artist_looks.generated_image_url|artist_looks.generated_storage_path,yes
212,917cccac-6de0-4b56-ab1e-b4dffdc7ac5a/8d4a4d22-41c0-43ab-ba99-92750f81e335/b2e05a50-c61e-47ea-876d-45ee8d0a89ca.png,3ca10935-8c3d-4479-9a0c-8bfe8050840c/8d4a4d22-41c0-43ab-ba99-92750f81e335/b2e05a50-c61e-47ea-876d-45ee8d0a89ca.png,1028180,image/png,composite/other,yes,artist_looks.composition_recipe_json|artist_looks.generated_image_url|artist_looks.generated_storage_path,yes
213,917cccac-6de0-4b56-ab1e-b4dffdc7ac5a/8d4a4d22-41c0-43ab-ba99-92750f81e335/b2e05a50-c61e-47ea-876d-45ee8d0a89ca_vton_raw.png,3ca10935-8c3d-4479-9a0c-8bfe8050840c/8d4a4d22-41c0-43ab-ba99-92750f81e335/b2e05a50-c61e-47ea-876d-45ee8d0a89ca_vton_raw.png,1028180,image/png,composite/other,yes,artist_looks.composition_recipe_json,yes
214,99c8af67-c6ce-4ed0-8440-eb0f72667589/8d4a4d22-41c0-43ab-ba99-92750f81e335/00e97eeb-0ef9-4335-b8e1-e4ef69984e28_mask.png,3ca10935-8c3d-4479-9a0c-8bfe8050840c/8d4a4d22-41c0-43ab-ba99-92750f81e335/00e97eeb-0ef9-4335-b8e1-e4ef69984e28_mask.png,68139,image/png,composite/other,yes,artist_looks.composition_recipe_json,yes
215,99c8af67-c6ce-4ed0-8440-eb0f72667589/8d4a4d22-41c0-43ab-ba99-92750f81e335/00e97eeb-0ef9-4335-b8e1-e4ef69984e28_pad_mask.png,3ca10935-8c3d-4479-9a0c-8bfe8050840c/8d4a4d22-41c0-43ab-ba99-92750f81e335/00e97eeb-0ef9-4335-b8e1-e4ef69984e28_pad_mask.png,68740,image/png,composite/other,yes,artist_looks.composition_recipe_json,yes
216,99c8af67-c6ce-4ed0-8440-eb0f72667589/8d4a4d22-41c0-43ab-ba99-92750f81e335/00e97eeb-0ef9-4335-b8e1-e4ef69984e28_pad_src.png,3ca10935-8c3d-4479-9a0c-8bfe8050840c/8d4a4d22-41c0-43ab-ba99-92750f81e335/00e97eeb-0ef9-4335-b8e1-e4ef69984e28_pad_src.png,3616958,image/png,composite/other,yes,artist_looks.composition_recipe_json,yes
217,99c8af67-c6ce-4ed0-8440-eb0f72667589/8d4a4d22-41c0-43ab-ba99-92750f81e335/00e97eeb-0ef9-4335-b8e1-e4ef69984e28_source1080.png,3ca10935-8c3d-4479-9a0c-8bfe8050840c/8d4a4d22-41c0-43ab-ba99-92750f81e335/00e97eeb-0ef9-4335-b8e1-e4ef69984e28_source1080.png,3614905,image/png,composite/other,yes,artist_looks.composition_recipe_json,yes
218,99c8af67-c6ce-4ed0-8440-eb0f72667589/8d4a4d22-41c0-43ab-ba99-92750f81e335/02e52028-b110-4281-be2b-07e82fdfac50.jpg,3ca10935-8c3d-4479-9a0c-8bfe8050840c/8d4a4d22-41c0-43ab-ba99-92750f81e335/02e52028-b110-4281-be2b-07e82fdfac50.jpg,285234,image/jpeg,composite/other,yes,artist_looks.generated_image_url|artist_looks.generated_storage_path,yes
219,99c8af67-c6ce-4ed0-8440-eb0f72667589/8d4a4d22-41c0-43ab-ba99-92750f81e335/0c1622fa-1858-4654-bf04-0b6eb6aadf5e_flux_mask.png,3ca10935-8c3d-4479-9a0c-8bfe8050840c/8d4a4d22-41c0-43ab-ba99-92750f81e335/0c1622fa-1858-4654-bf04-0b6eb6aadf5e_flux_mask.png,37716,image/png,flux-interim,yes,artist_looks.composition_recipe_json,yes
220,99c8af67-c6ce-4ed0-8440-eb0f72667589/8d4a4d22-41c0-43ab-ba99-92750f81e335/0c1622fa-1858-4654-bf04-0b6eb6aadf5e_flux_src.png,3ca10935-8c3d-4479-9a0c-8bfe8050840c/8d4a4d22-41c0-43ab-ba99-92750f81e335/0c1622fa-1858-4654-bf04-0b6eb6aadf5e_flux_src.png,1977859,image/png,flux-interim,yes,artist_looks.composition_recipe_json,yes
221,99c8af67-c6ce-4ed0-8440-eb0f72667589/8d4a4d22-41c0-43ab-ba99-92750f81e335/0c1622fa-1858-4654-bf04-0b6eb6aadf5e_mask.png,3ca10935-8c3d-4479-9a0c-8bfe8050840c/8d4a4d22-41c0-43ab-ba99-92750f81e335/0c1622fa-1858-4654-bf04-0b6eb6aadf5e_mask.png,68115,image/png,composite/other,yes,artist_looks.composition_recipe_json,yes
222,99c8af67-c6ce-4ed0-8440-eb0f72667589/8d4a4d22-41c0-43ab-ba99-92750f81e335/0c1622fa-1858-4654-bf04-0b6eb6aadf5e_pad_mask.png,3ca10935-8c3d-4479-9a0c-8bfe8050840c/8d4a4d22-41c0-43ab-ba99-92750f81e335/0c1622fa-1858-4654-bf04-0b6eb6aadf5e_pad_mask.png,68662,image/png,composite/other,yes,artist_looks.composition_recipe_json,yes
223,99c8af67-c6ce-4ed0-8440-eb0f72667589/8d4a4d22-41c0-43ab-ba99-92750f81e335/0c1622fa-1858-4654-bf04-0b6eb6aadf5e_pad_src.png,3ca10935-8c3d-4479-9a0c-8bfe8050840c/8d4a4d22-41c0-43ab-ba99-92750f81e335/0c1622fa-1858-4654-bf04-0b6eb6aadf5e_pad_src.png,3616958,image/png,composite/other,yes,artist_looks.composition_recipe_json,yes
224,99c8af67-c6ce-4ed0-8440-eb0f72667589/8d4a4d22-41c0-43ab-ba99-92750f81e335/0c1622fa-1858-4654-bf04-0b6eb6aadf5e_source1080.png,3ca10935-8c3d-4479-9a0c-8bfe8050840c/8d4a4d22-41c0-43ab-ba99-92750f81e335/0c1622fa-1858-4654-bf04-0b6eb6aadf5e_source1080.png,3614905,image/png,composite/other,yes,artist_looks.composition_recipe_json,yes
225,99c8af67-c6ce-4ed0-8440-eb0f72667589/8d4a4d22-41c0-43ab-ba99-92750f81e335/2499db05-dc3c-4eea-8bf8-0e72f9e10a5f.png,3ca10935-8c3d-4479-9a0c-8bfe8050840c/8d4a4d22-41c0-43ab-ba99-92750f81e335/2499db05-dc3c-4eea-8bf8-0e72f9e10a5f.png,932047,image/png,composite/other,yes,artist_looks.generated_image_url|artist_looks.generated_storage_path,yes
226,99c8af67-c6ce-4ed0-8440-eb0f72667589/8d4a4d22-41c0-43ab-ba99-92750f81e335/2499db05-dc3c-4eea-8bf8-0e72f9e10a5f_vton_raw.png,3ca10935-8c3d-4479-9a0c-8bfe8050840c/8d4a4d22-41c0-43ab-ba99-92750f81e335/2499db05-dc3c-4eea-8bf8-0e72f9e10a5f_vton_raw.png,932047,image/png,composite/other,yes,artist_looks.composition_recipe_json,yes
227,99c8af67-c6ce-4ed0-8440-eb0f72667589/8d4a4d22-41c0-43ab-ba99-92750f81e335/2925abb5-2a21-40e6-a20b-2d84360a900b.jpg,3ca10935-8c3d-4479-9a0c-8bfe8050840c/8d4a4d22-41c0-43ab-ba99-92750f81e335/2925abb5-2a21-40e6-a20b-2d84360a900b.jpg,195083,image/jpeg,composite/other,yes,artist_looks.generated_image_url|artist_looks.generated_storage_path,yes
228,99c8af67-c6ce-4ed0-8440-eb0f72667589/8d4a4d22-41c0-43ab-ba99-92750f81e335/3244adbd-dd3f-4da0-8442-c66fcde0988a_flux_mask.png,3ca10935-8c3d-4479-9a0c-8bfe8050840c/8d4a4d22-41c0-43ab-ba99-92750f81e335/3244adbd-dd3f-4da0-8442-c66fcde0988a_flux_mask.png,37716,image/png,flux-interim,yes,artist_looks.composition_recipe_json,yes
229,99c8af67-c6ce-4ed0-8440-eb0f72667589/8d4a4d22-41c0-43ab-ba99-92750f81e335/3244adbd-dd3f-4da0-8442-c66fcde0988a_flux_src.png,3ca10935-8c3d-4479-9a0c-8bfe8050840c/8d4a4d22-41c0-43ab-ba99-92750f81e335/3244adbd-dd3f-4da0-8442-c66fcde0988a_flux_src.png,1977859,image/png,flux-interim,yes,artist_looks.composition_recipe_json,yes
230,99c8af67-c6ce-4ed0-8440-eb0f72667589/8d4a4d22-41c0-43ab-ba99-92750f81e335/3244adbd-dd3f-4da0-8442-c66fcde0988a_mask.png,3ca10935-8c3d-4479-9a0c-8bfe8050840c/8d4a4d22-41c0-43ab-ba99-92750f81e335/3244adbd-dd3f-4da0-8442-c66fcde0988a_mask.png,68115,image/png,composite/other,yes,artist_looks.composition_recipe_json,yes
231,99c8af67-c6ce-4ed0-8440-eb0f72667589/8d4a4d22-41c0-43ab-ba99-92750f81e335/3244adbd-dd3f-4da0-8442-c66fcde0988a_pad_mask.png,3ca10935-8c3d-4479-9a0c-8bfe8050840c/8d4a4d22-41c0-43ab-ba99-92750f81e335/3244adbd-dd3f-4da0-8442-c66fcde0988a_pad_mask.png,68662,image/png,composite/other,yes,artist_looks.composition_recipe_json,yes
232,99c8af67-c6ce-4ed0-8440-eb0f72667589/8d4a4d22-41c0-43ab-ba99-92750f81e335/3244adbd-dd3f-4da0-8442-c66fcde0988a_pad_src.png,3ca10935-8c3d-4479-9a0c-8bfe8050840c/8d4a4d22-41c0-43ab-ba99-92750f81e335/3244adbd-dd3f-4da0-8442-c66fcde0988a_pad_src.png,3616958,image/png,composite/other,yes,artist_looks.composition_recipe_json,yes
233,99c8af67-c6ce-4ed0-8440-eb0f72667589/8d4a4d22-41c0-43ab-ba99-92750f81e335/3244adbd-dd3f-4da0-8442-c66fcde0988a_source1080.png,3ca10935-8c3d-4479-9a0c-8bfe8050840c/8d4a4d22-41c0-43ab-ba99-92750f81e335/3244adbd-dd3f-4da0-8442-c66fcde0988a_source1080.png,3614905,image/png,composite/other,yes,artist_looks.composition_recipe_json,yes
234,99c8af67-c6ce-4ed0-8440-eb0f72667589/8d4a4d22-41c0-43ab-ba99-92750f81e335/328c7aa4-4756-41ec-9260-93422741a93c.jpg,3ca10935-8c3d-4479-9a0c-8bfe8050840c/8d4a4d22-41c0-43ab-ba99-92750f81e335/328c7aa4-4756-41ec-9260-93422741a93c.jpg,281651,image/jpeg,composite/other,yes,artist_looks.generated_image_url|artist_looks.generated_storage_path,yes
235,99c8af67-c6ce-4ed0-8440-eb0f72667589/8d4a4d22-41c0-43ab-ba99-92750f81e335/361b869c-859c-4e5b-a552-50e36d6cde08_pad_mask.png,3ca10935-8c3d-4479-9a0c-8bfe8050840c/8d4a4d22-41c0-43ab-ba99-92750f81e335/361b869c-859c-4e5b-a552-50e36d6cde08_pad_mask.png,68662,image/png,composite/other,NO(storage-only),,yes
236,99c8af67-c6ce-4ed0-8440-eb0f72667589/8d4a4d22-41c0-43ab-ba99-92750f81e335/361b869c-859c-4e5b-a552-50e36d6cde08_pad_src.png,3ca10935-8c3d-4479-9a0c-8bfe8050840c/8d4a4d22-41c0-43ab-ba99-92750f81e335/361b869c-859c-4e5b-a552-50e36d6cde08_pad_src.png,3616958,image/png,composite/other,NO(storage-only),,yes
237,99c8af67-c6ce-4ed0-8440-eb0f72667589/8d4a4d22-41c0-43ab-ba99-92750f81e335/3b75927d-0095-40c4-b768-24391e923055.jpg,3ca10935-8c3d-4479-9a0c-8bfe8050840c/8d4a4d22-41c0-43ab-ba99-92750f81e335/3b75927d-0095-40c4-b768-24391e923055.jpg,219840,image/jpeg,composite/other,yes,artist_looks.generated_image_url|artist_looks.generated_storage_path,yes
238,99c8af67-c6ce-4ed0-8440-eb0f72667589/8d4a4d22-41c0-43ab-ba99-92750f81e335/3ef2c9be-eb98-4fec-9cba-696bc464ae27.png,3ca10935-8c3d-4479-9a0c-8bfe8050840c/8d4a4d22-41c0-43ab-ba99-92750f81e335/3ef2c9be-eb98-4fec-9cba-696bc464ae27.png,1637524,image/png,composite/other,yes,artist_looks.generated_image_url|artist_looks.generated_storage_path,yes
239,99c8af67-c6ce-4ed0-8440-eb0f72667589/8d4a4d22-41c0-43ab-ba99-92750f81e335/46bbb239-a34b-4560-bb59-369a291c530d_mask.png,3ca10935-8c3d-4479-9a0c-8bfe8050840c/8d4a4d22-41c0-43ab-ba99-92750f81e335/46bbb239-a34b-4560-bb59-369a291c530d_mask.png,68115,image/png,composite/other,yes,artist_looks.composition_recipe_json,yes
240,99c8af67-c6ce-4ed0-8440-eb0f72667589/8d4a4d22-41c0-43ab-ba99-92750f81e335/46bbb239-a34b-4560-bb59-369a291c530d_pad_mask.png,3ca10935-8c3d-4479-9a0c-8bfe8050840c/8d4a4d22-41c0-43ab-ba99-92750f81e335/46bbb239-a34b-4560-bb59-369a291c530d_pad_mask.png,68662,image/png,composite/other,yes,artist_looks.composition_recipe_json,yes
241,99c8af67-c6ce-4ed0-8440-eb0f72667589/8d4a4d22-41c0-43ab-ba99-92750f81e335/46bbb239-a34b-4560-bb59-369a291c530d_pad_src.png,3ca10935-8c3d-4479-9a0c-8bfe8050840c/8d4a4d22-41c0-43ab-ba99-92750f81e335/46bbb239-a34b-4560-bb59-369a291c530d_pad_src.png,3616958,image/png,composite/other,yes,artist_looks.composition_recipe_json,yes
242,99c8af67-c6ce-4ed0-8440-eb0f72667589/8d4a4d22-41c0-43ab-ba99-92750f81e335/46bbb239-a34b-4560-bb59-369a291c530d_source1080.png,3ca10935-8c3d-4479-9a0c-8bfe8050840c/8d4a4d22-41c0-43ab-ba99-92750f81e335/46bbb239-a34b-4560-bb59-369a291c530d_source1080.png,3614905,image/png,composite/other,yes,artist_looks.composition_recipe_json,yes
243,99c8af67-c6ce-4ed0-8440-eb0f72667589/8d4a4d22-41c0-43ab-ba99-92750f81e335/4cb6a3ff-008e-4a20-9ee2-bb117cf756eb.jpg,3ca10935-8c3d-4479-9a0c-8bfe8050840c/8d4a4d22-41c0-43ab-ba99-92750f81e335/4cb6a3ff-008e-4a20-9ee2-bb117cf756eb.jpg,197652,image/jpeg,composite/other,yes,artist_looks.composition_recipe_json|artist_looks.generated_image_url|artist_looks.generated_storage_path,yes
244,99c8af67-c6ce-4ed0-8440-eb0f72667589/8d4a4d22-41c0-43ab-ba99-92750f81e335/518a4716-cf19-4ce7-b0a6-aa7ef33a8860.jpg,3ca10935-8c3d-4479-9a0c-8bfe8050840c/8d4a4d22-41c0-43ab-ba99-92750f81e335/518a4716-cf19-4ce7-b0a6-aa7ef33a8860.jpg,198251,image/jpeg,composite/other,yes,artist_looks.composition_recipe_json|artist_looks.generated_image_url|artist_looks.generated_storage_path,yes
245,99c8af67-c6ce-4ed0-8440-eb0f72667589/8d4a4d22-41c0-43ab-ba99-92750f81e335/58b398f5-c228-4aec-8ff5-20ab25a3439e.png,3ca10935-8c3d-4479-9a0c-8bfe8050840c/8d4a4d22-41c0-43ab-ba99-92750f81e335/58b398f5-c228-4aec-8ff5-20ab25a3439e.png,1633569,image/png,composite/other,yes,artist_looks.generated_image_url|artist_looks.generated_storage_path,yes
246,99c8af67-c6ce-4ed0-8440-eb0f72667589/8d4a4d22-41c0-43ab-ba99-92750f81e335/58c60cb0-cba6-46a8-8659-b13a26b01b21.jpg,3ca10935-8c3d-4479-9a0c-8bfe8050840c/8d4a4d22-41c0-43ab-ba99-92750f81e335/58c60cb0-cba6-46a8-8659-b13a26b01b21.jpg,230247,image/jpeg,composite/other,yes,artist_looks.composition_recipe_json|artist_looks.generated_image_url|artist_looks.generated_storage_path,yes
247,99c8af67-c6ce-4ed0-8440-eb0f72667589/8d4a4d22-41c0-43ab-ba99-92750f81e335/5d93c9f1-9cad-4d23-84d0-535459952688_flux_mask.png,3ca10935-8c3d-4479-9a0c-8bfe8050840c/8d4a4d22-41c0-43ab-ba99-92750f81e335/5d93c9f1-9cad-4d23-84d0-535459952688_flux_mask.png,37716,image/png,flux-interim,yes,artist_looks.composition_recipe_json,yes
248,99c8af67-c6ce-4ed0-8440-eb0f72667589/8d4a4d22-41c0-43ab-ba99-92750f81e335/5d93c9f1-9cad-4d23-84d0-535459952688_flux_src.png,3ca10935-8c3d-4479-9a0c-8bfe8050840c/8d4a4d22-41c0-43ab-ba99-92750f81e335/5d93c9f1-9cad-4d23-84d0-535459952688_flux_src.png,1977859,image/png,flux-interim,yes,artist_looks.composition_recipe_json,yes
249,99c8af67-c6ce-4ed0-8440-eb0f72667589/8d4a4d22-41c0-43ab-ba99-92750f81e335/5d93c9f1-9cad-4d23-84d0-535459952688_mask.png,3ca10935-8c3d-4479-9a0c-8bfe8050840c/8d4a4d22-41c0-43ab-ba99-92750f81e335/5d93c9f1-9cad-4d23-84d0-535459952688_mask.png,68115,image/png,composite/other,yes,artist_looks.composition_recipe_json,yes
250,99c8af67-c6ce-4ed0-8440-eb0f72667589/8d4a4d22-41c0-43ab-ba99-92750f81e335/5d93c9f1-9cad-4d23-84d0-535459952688_pad_mask.png,3ca10935-8c3d-4479-9a0c-8bfe8050840c/8d4a4d22-41c0-43ab-ba99-92750f81e335/5d93c9f1-9cad-4d23-84d0-535459952688_pad_mask.png,68662,image/png,composite/other,yes,artist_looks.composition_recipe_json,yes
251,99c8af67-c6ce-4ed0-8440-eb0f72667589/8d4a4d22-41c0-43ab-ba99-92750f81e335/5d93c9f1-9cad-4d23-84d0-535459952688_pad_src.png,3ca10935-8c3d-4479-9a0c-8bfe8050840c/8d4a4d22-41c0-43ab-ba99-92750f81e335/5d93c9f1-9cad-4d23-84d0-535459952688_pad_src.png,3616958,image/png,composite/other,yes,artist_looks.composition_recipe_json,yes
252,99c8af67-c6ce-4ed0-8440-eb0f72667589/8d4a4d22-41c0-43ab-ba99-92750f81e335/5d93c9f1-9cad-4d23-84d0-535459952688_source1080.png,3ca10935-8c3d-4479-9a0c-8bfe8050840c/8d4a4d22-41c0-43ab-ba99-92750f81e335/5d93c9f1-9cad-4d23-84d0-535459952688_source1080.png,3614905,image/png,composite/other,yes,artist_looks.composition_recipe_json,yes
253,99c8af67-c6ce-4ed0-8440-eb0f72667589/8d4a4d22-41c0-43ab-ba99-92750f81e335/69bceb22-c829-44f0-96e4-1569ca95ad7e.png,3ca10935-8c3d-4479-9a0c-8bfe8050840c/8d4a4d22-41c0-43ab-ba99-92750f81e335/69bceb22-c829-44f0-96e4-1569ca95ad7e.png,943915,image/png,composite/other,yes,artist_looks.generated_image_url|artist_looks.generated_storage_path,yes
254,99c8af67-c6ce-4ed0-8440-eb0f72667589/8d4a4d22-41c0-43ab-ba99-92750f81e335/69bceb22-c829-44f0-96e4-1569ca95ad7e_vton_raw.png,3ca10935-8c3d-4479-9a0c-8bfe8050840c/8d4a4d22-41c0-43ab-ba99-92750f81e335/69bceb22-c829-44f0-96e4-1569ca95ad7e_vton_raw.png,943915,image/png,composite/other,yes,artist_looks.composition_recipe_json,yes
255,99c8af67-c6ce-4ed0-8440-eb0f72667589/8d4a4d22-41c0-43ab-ba99-92750f81e335/77651521-d591-42f1-a774-29ef57a8cf42_flux_mask.png,3ca10935-8c3d-4479-9a0c-8bfe8050840c/8d4a4d22-41c0-43ab-ba99-92750f81e335/77651521-d591-42f1-a774-29ef57a8cf42_flux_mask.png,37716,image/png,flux-interim,yes,artist_looks.composition_recipe_json,yes
256,99c8af67-c6ce-4ed0-8440-eb0f72667589/8d4a4d22-41c0-43ab-ba99-92750f81e335/77651521-d591-42f1-a774-29ef57a8cf42_flux_src.png,3ca10935-8c3d-4479-9a0c-8bfe8050840c/8d4a4d22-41c0-43ab-ba99-92750f81e335/77651521-d591-42f1-a774-29ef57a8cf42_flux_src.png,1977859,image/png,flux-interim,yes,artist_looks.composition_recipe_json,yes
257,99c8af67-c6ce-4ed0-8440-eb0f72667589/8d4a4d22-41c0-43ab-ba99-92750f81e335/77651521-d591-42f1-a774-29ef57a8cf42_mask.png,3ca10935-8c3d-4479-9a0c-8bfe8050840c/8d4a4d22-41c0-43ab-ba99-92750f81e335/77651521-d591-42f1-a774-29ef57a8cf42_mask.png,68115,image/png,composite/other,yes,artist_looks.composition_recipe_json,yes
258,99c8af67-c6ce-4ed0-8440-eb0f72667589/8d4a4d22-41c0-43ab-ba99-92750f81e335/77651521-d591-42f1-a774-29ef57a8cf42_pad_mask.png,3ca10935-8c3d-4479-9a0c-8bfe8050840c/8d4a4d22-41c0-43ab-ba99-92750f81e335/77651521-d591-42f1-a774-29ef57a8cf42_pad_mask.png,68662,image/png,composite/other,yes,artist_looks.composition_recipe_json,yes
259,99c8af67-c6ce-4ed0-8440-eb0f72667589/8d4a4d22-41c0-43ab-ba99-92750f81e335/77651521-d591-42f1-a774-29ef57a8cf42_pad_src.png,3ca10935-8c3d-4479-9a0c-8bfe8050840c/8d4a4d22-41c0-43ab-ba99-92750f81e335/77651521-d591-42f1-a774-29ef57a8cf42_pad_src.png,3616958,image/png,composite/other,yes,artist_looks.composition_recipe_json,yes
260,99c8af67-c6ce-4ed0-8440-eb0f72667589/8d4a4d22-41c0-43ab-ba99-92750f81e335/77651521-d591-42f1-a774-29ef57a8cf42_source1080.png,3ca10935-8c3d-4479-9a0c-8bfe8050840c/8d4a4d22-41c0-43ab-ba99-92750f81e335/77651521-d591-42f1-a774-29ef57a8cf42_source1080.png,3614905,image/png,composite/other,yes,artist_looks.composition_recipe_json,yes
261,99c8af67-c6ce-4ed0-8440-eb0f72667589/8d4a4d22-41c0-43ab-ba99-92750f81e335/7d0def87-bc93-4913-a5a8-f445a6c044bb_pad_mask.png,3ca10935-8c3d-4479-9a0c-8bfe8050840c/8d4a4d22-41c0-43ab-ba99-92750f81e335/7d0def87-bc93-4913-a5a8-f445a6c044bb_pad_mask.png,68662,image/png,composite/other,NO(storage-only),,yes
262,99c8af67-c6ce-4ed0-8440-eb0f72667589/8d4a4d22-41c0-43ab-ba99-92750f81e335/7d0def87-bc93-4913-a5a8-f445a6c044bb_pad_src.png,3ca10935-8c3d-4479-9a0c-8bfe8050840c/8d4a4d22-41c0-43ab-ba99-92750f81e335/7d0def87-bc93-4913-a5a8-f445a6c044bb_pad_src.png,3616958,image/png,composite/other,NO(storage-only),,yes
263,99c8af67-c6ce-4ed0-8440-eb0f72667589/8d4a4d22-41c0-43ab-ba99-92750f81e335/8caf5eef-b7c0-4f0d-955b-50765ea07882.png,3ca10935-8c3d-4479-9a0c-8bfe8050840c/8d4a4d22-41c0-43ab-ba99-92750f81e335/8caf5eef-b7c0-4f0d-955b-50765ea07882.png,965906,image/png,composite/other,yes,artist_looks.generated_image_url|artist_looks.generated_storage_path,yes
264,99c8af67-c6ce-4ed0-8440-eb0f72667589/8d4a4d22-41c0-43ab-ba99-92750f81e335/8caf5eef-b7c0-4f0d-955b-50765ea07882_vton_raw.png,3ca10935-8c3d-4479-9a0c-8bfe8050840c/8d4a4d22-41c0-43ab-ba99-92750f81e335/8caf5eef-b7c0-4f0d-955b-50765ea07882_vton_raw.png,965906,image/png,composite/other,yes,artist_looks.composition_recipe_json,yes
265,99c8af67-c6ce-4ed0-8440-eb0f72667589/8d4a4d22-41c0-43ab-ba99-92750f81e335/94b2f768-943e-4703-965c-e33dcd483d1f_pad_mask.png,3ca10935-8c3d-4479-9a0c-8bfe8050840c/8d4a4d22-41c0-43ab-ba99-92750f81e335/94b2f768-943e-4703-965c-e33dcd483d1f_pad_mask.png,68662,image/png,composite/other,NO(storage-only),,yes
266,99c8af67-c6ce-4ed0-8440-eb0f72667589/8d4a4d22-41c0-43ab-ba99-92750f81e335/94b2f768-943e-4703-965c-e33dcd483d1f_pad_src.png,3ca10935-8c3d-4479-9a0c-8bfe8050840c/8d4a4d22-41c0-43ab-ba99-92750f81e335/94b2f768-943e-4703-965c-e33dcd483d1f_pad_src.png,3616958,image/png,composite/other,NO(storage-only),,yes
267,99c8af67-c6ce-4ed0-8440-eb0f72667589/8d4a4d22-41c0-43ab-ba99-92750f81e335/a20b886b-22ae-4f1e-a30d-c0cc9901f0f2.png,3ca10935-8c3d-4479-9a0c-8bfe8050840c/8d4a4d22-41c0-43ab-ba99-92750f81e335/a20b886b-22ae-4f1e-a30d-c0cc9901f0f2.png,931972,image/png,composite/other,yes,artist_looks.generated_image_url|artist_looks.generated_storage_path,yes
268,99c8af67-c6ce-4ed0-8440-eb0f72667589/8d4a4d22-41c0-43ab-ba99-92750f81e335/a20b886b-22ae-4f1e-a30d-c0cc9901f0f2_vton_raw.png,3ca10935-8c3d-4479-9a0c-8bfe8050840c/8d4a4d22-41c0-43ab-ba99-92750f81e335/a20b886b-22ae-4f1e-a30d-c0cc9901f0f2_vton_raw.png,931972,image/png,composite/other,yes,artist_looks.composition_recipe_json,yes
269,99c8af67-c6ce-4ed0-8440-eb0f72667589/8d4a4d22-41c0-43ab-ba99-92750f81e335/aa6358eb-0e36-4efd-96ee-2009cb91bdfc.png,3ca10935-8c3d-4479-9a0c-8bfe8050840c/8d4a4d22-41c0-43ab-ba99-92750f81e335/aa6358eb-0e36-4efd-96ee-2009cb91bdfc.png,1627816,image/png,composite/other,yes,artist_looks.generated_image_url|artist_looks.generated_storage_path,yes
270,99c8af67-c6ce-4ed0-8440-eb0f72667589/8d4a4d22-41c0-43ab-ba99-92750f81e335/acb91da1-e3a1-43ed-8cf0-c38d05cf36c4_pad_mask.png,3ca10935-8c3d-4479-9a0c-8bfe8050840c/8d4a4d22-41c0-43ab-ba99-92750f81e335/acb91da1-e3a1-43ed-8cf0-c38d05cf36c4_pad_mask.png,66555,image/png,composite/other,NO(storage-only),,yes
271,99c8af67-c6ce-4ed0-8440-eb0f72667589/8d4a4d22-41c0-43ab-ba99-92750f81e335/acb91da1-e3a1-43ed-8cf0-c38d05cf36c4_pad_src.png,3ca10935-8c3d-4479-9a0c-8bfe8050840c/8d4a4d22-41c0-43ab-ba99-92750f81e335/acb91da1-e3a1-43ed-8cf0-c38d05cf36c4_pad_src.png,2949750,image/png,composite/other,NO(storage-only),,yes
272,99c8af67-c6ce-4ed0-8440-eb0f72667589/8d4a4d22-41c0-43ab-ba99-92750f81e335/ad1f91c3-3450-465e-9533-1df400a4f94c.png,3ca10935-8c3d-4479-9a0c-8bfe8050840c/8d4a4d22-41c0-43ab-ba99-92750f81e335/ad1f91c3-3450-465e-9533-1df400a4f94c.png,928011,image/png,composite/other,yes,artist_looks.generated_image_url|artist_looks.generated_storage_path,yes
273,99c8af67-c6ce-4ed0-8440-eb0f72667589/8d4a4d22-41c0-43ab-ba99-92750f81e335/ad1f91c3-3450-465e-9533-1df400a4f94c_vton_raw.png,3ca10935-8c3d-4479-9a0c-8bfe8050840c/8d4a4d22-41c0-43ab-ba99-92750f81e335/ad1f91c3-3450-465e-9533-1df400a4f94c_vton_raw.png,928011,image/png,composite/other,yes,artist_looks.composition_recipe_json,yes
274,99c8af67-c6ce-4ed0-8440-eb0f72667589/8d4a4d22-41c0-43ab-ba99-92750f81e335/aeb1a431-2418-4bf8-8029-4de8e555a9ee.png,3ca10935-8c3d-4479-9a0c-8bfe8050840c/8d4a4d22-41c0-43ab-ba99-92750f81e335/aeb1a431-2418-4bf8-8029-4de8e555a9ee.png,915576,image/png,composite/other,yes,artist_looks.generated_image_url|artist_looks.generated_storage_path,yes
275,99c8af67-c6ce-4ed0-8440-eb0f72667589/8d4a4d22-41c0-43ab-ba99-92750f81e335/aeb1a431-2418-4bf8-8029-4de8e555a9ee_vton_raw.png,3ca10935-8c3d-4479-9a0c-8bfe8050840c/8d4a4d22-41c0-43ab-ba99-92750f81e335/aeb1a431-2418-4bf8-8029-4de8e555a9ee_vton_raw.png,915576,image/png,composite/other,yes,artist_looks.composition_recipe_json,yes
276,99c8af67-c6ce-4ed0-8440-eb0f72667589/8d4a4d22-41c0-43ab-ba99-92750f81e335/b62864a9-8a3e-434a-9f37-36c1e9478dc2.jpg,3ca10935-8c3d-4479-9a0c-8bfe8050840c/8d4a4d22-41c0-43ab-ba99-92750f81e335/b62864a9-8a3e-434a-9f37-36c1e9478dc2.jpg,330029,image/jpeg,composite/other,yes,artist_looks.generated_image_url|artist_looks.generated_storage_path,yes
277,99c8af67-c6ce-4ed0-8440-eb0f72667589/8d4a4d22-41c0-43ab-ba99-92750f81e335/d1cce95e-19fb-46e4-b83e-3d32a944f49b.jpg,3ca10935-8c3d-4479-9a0c-8bfe8050840c/8d4a4d22-41c0-43ab-ba99-92750f81e335/d1cce95e-19fb-46e4-b83e-3d32a944f49b.jpg,184884,image/jpeg,composite/other,yes,artist_looks.generated_image_url|artist_looks.generated_storage_path,yes
278,99c8af67-c6ce-4ed0-8440-eb0f72667589/8d4a4d22-41c0-43ab-ba99-92750f81e335/ddcfdb47-98f9-4087-aaef-7b4b9054a4aa.jpg,3ca10935-8c3d-4479-9a0c-8bfe8050840c/8d4a4d22-41c0-43ab-ba99-92750f81e335/ddcfdb47-98f9-4087-aaef-7b4b9054a4aa.jpg,270183,image/jpeg,composite/other,yes,artist_looks.generated_image_url|artist_looks.generated_storage_path,yes
279,99c8af67-c6ce-4ed0-8440-eb0f72667589/8d4a4d22-41c0-43ab-ba99-92750f81e335/f689af0b-7827-4fa8-a39b-c6051f0958ca.png,3ca10935-8c3d-4479-9a0c-8bfe8050840c/8d4a4d22-41c0-43ab-ba99-92750f81e335/f689af0b-7827-4fa8-a39b-c6051f0958ca.png,1627207,image/png,composite/other,yes,artist_looks.generated_image_url|artist_looks.generated_storage_path,yes
280,99c8af67-c6ce-4ed0-8440-eb0f72667589/8d4a4d22-41c0-43ab-ba99-92750f81e335/f9d2aa04-4fe3-4893-9a64-673392e0b070_pad_depth.png,3ca10935-8c3d-4479-9a0c-8bfe8050840c/8d4a4d22-41c0-43ab-ba99-92750f81e335/f9d2aa04-4fe3-4893-9a64-673392e0b070_pad_depth.png,523491,image/png,composite/other,yes,artist_looks.composition_recipe_json|artist_looks.error_message,yes
281,99c8af67-c6ce-4ed0-8440-eb0f72667589/8d4a4d22-41c0-43ab-ba99-92750f81e335/f9d2aa04-4fe3-4893-9a64-673392e0b070_pad_mask.png,3ca10935-8c3d-4479-9a0c-8bfe8050840c/8d4a4d22-41c0-43ab-ba99-92750f81e335/f9d2aa04-4fe3-4893-9a64-673392e0b070_pad_mask.png,66565,image/png,composite/other,NO(storage-only),,yes
282,99c8af67-c6ce-4ed0-8440-eb0f72667589/8d4a4d22-41c0-43ab-ba99-92750f81e335/f9d2aa04-4fe3-4893-9a64-673392e0b070_pad_src.png,3ca10935-8c3d-4479-9a0c-8bfe8050840c/8d4a4d22-41c0-43ab-ba99-92750f81e335/f9d2aa04-4fe3-4893-9a64-673392e0b070_pad_src.png,2949750,image/png,composite/other,NO(storage-only),,yes
283,a073744a-03b9-4ad1-a0ef-1f147bdb0c95/8d4a4d22-41c0-43ab-ba99-92750f81e335/0e60dd53-d378-48f0-8784-636122880993.png,3ca10935-8c3d-4479-9a0c-8bfe8050840c/8d4a4d22-41c0-43ab-ba99-92750f81e335/0e60dd53-d378-48f0-8784-636122880993.png,854242,image/png,composite/other,yes,artist_looks.generated_image_url|artist_looks.generated_storage_path,yes
284,a073744a-03b9-4ad1-a0ef-1f147bdb0c95/8d4a4d22-41c0-43ab-ba99-92750f81e335/9536dc1b-6c38-49a1-9be6-1e2fee2be4d1.png,3ca10935-8c3d-4479-9a0c-8bfe8050840c/8d4a4d22-41c0-43ab-ba99-92750f81e335/9536dc1b-6c38-49a1-9be6-1e2fee2be4d1.png,874886,image/png,composite/other,yes,artist_looks.generated_image_url|artist_looks.generated_storage_path,yes
285,a4144901-50f9-4499-9a74-3ce834ef7458/8d4a4d22-41c0-43ab-ba99-92750f81e335/0973a848-dfde-4232-9d68-2d9effa4eeb3.png,3ca10935-8c3d-4479-9a0c-8bfe8050840c/8d4a4d22-41c0-43ab-ba99-92750f81e335/0973a848-dfde-4232-9d68-2d9effa4eeb3.png,2702670,image/png,composite/other,yes,artist_looks.generated_image_url|artist_looks.generated_storage_path,yes
286,a4144901-50f9-4499-9a74-3ce834ef7458/8d4a4d22-41c0-43ab-ba99-92750f81e335/1a0ce95b-b475-443f-92ba-2ee74c3c0b8e.png,3ca10935-8c3d-4479-9a0c-8bfe8050840c/8d4a4d22-41c0-43ab-ba99-92750f81e335/1a0ce95b-b475-443f-92ba-2ee74c3c0b8e.png,1956845,image/png,composite/other,yes,artist_looks.generated_image_url|artist_looks.generated_storage_path,yes
287,a4144901-50f9-4499-9a74-3ce834ef7458/8d4a4d22-41c0-43ab-ba99-92750f81e335/46255efb-1f17-42e4-88f1-f253a8a3b4d2.jpg,3ca10935-8c3d-4479-9a0c-8bfe8050840c/8d4a4d22-41c0-43ab-ba99-92750f81e335/46255efb-1f17-42e4-88f1-f253a8a3b4d2.jpg,596957,image/jpeg,composite/other,yes,artist_looks.generated_image_url|artist_looks.generated_storage_path,yes
288,a4144901-50f9-4499-9a74-3ce834ef7458/8d4a4d22-41c0-43ab-ba99-92750f81e335/5ae3748a-b7a6-44cd-8470-ccd18656ad70.png,3ca10935-8c3d-4479-9a0c-8bfe8050840c/8d4a4d22-41c0-43ab-ba99-92750f81e335/5ae3748a-b7a6-44cd-8470-ccd18656ad70.png,1951911,image/png,composite/other,yes,artist_looks.generated_image_url|artist_looks.generated_storage_path,yes
289,a4144901-50f9-4499-9a74-3ce834ef7458/8d4a4d22-41c0-43ab-ba99-92750f81e335/8c237065-29e1-4915-bb07-896477ad7505.png,3ca10935-8c3d-4479-9a0c-8bfe8050840c/8d4a4d22-41c0-43ab-ba99-92750f81e335/8c237065-29e1-4915-bb07-896477ad7505.png,2743359,image/png,composite/other,yes,artist_looks.generated_image_url|artist_looks.generated_storage_path,yes
290,a4144901-50f9-4499-9a74-3ce834ef7458/8d4a4d22-41c0-43ab-ba99-92750f81e335/a56cae12-eae5-4030-93ad-36461f5a5381.png,3ca10935-8c3d-4479-9a0c-8bfe8050840c/8d4a4d22-41c0-43ab-ba99-92750f81e335/a56cae12-eae5-4030-93ad-36461f5a5381.png,2743672,image/png,composite/other,yes,artist_looks.generated_image_url|artist_looks.generated_storage_path,yes
291,a4144901-50f9-4499-9a74-3ce834ef7458/8d4a4d22-41c0-43ab-ba99-92750f81e335/b046aaaf-f5f2-4803-bd64-ff4e8025e857.png,3ca10935-8c3d-4479-9a0c-8bfe8050840c/8d4a4d22-41c0-43ab-ba99-92750f81e335/b046aaaf-f5f2-4803-bd64-ff4e8025e857.png,997770,image/png,composite/other,yes,artist_looks.generated_image_url|artist_looks.generated_storage_path,yes
292,c955dbe6-5b9d-42c1-87c4-2388bcc68369/8d4a4d22-41c0-43ab-ba99-92750f81e335/050ab877-0f00-4330-bdf3-92c489e9b909.png,3ca10935-8c3d-4479-9a0c-8bfe8050840c/8d4a4d22-41c0-43ab-ba99-92750f81e335/050ab877-0f00-4330-bdf3-92c489e9b909.png,1017945,image/png,composite/other,yes,artist_looks.generated_image_url|artist_looks.generated_storage_path,yes
293,c955dbe6-5b9d-42c1-87c4-2388bcc68369/8d4a4d22-41c0-43ab-ba99-92750f81e335/050ab877-0f00-4330-bdf3-92c489e9b909_vton_raw.png,3ca10935-8c3d-4479-9a0c-8bfe8050840c/8d4a4d22-41c0-43ab-ba99-92750f81e335/050ab877-0f00-4330-bdf3-92c489e9b909_vton_raw.png,1017945,image/png,composite/other,yes,artist_looks.composition_recipe_json,yes
294,c955dbe6-5b9d-42c1-87c4-2388bcc68369/8d4a4d22-41c0-43ab-ba99-92750f81e335/3c9ea094-78e5-4658-b65b-d124072ba330.png,3ca10935-8c3d-4479-9a0c-8bfe8050840c/8d4a4d22-41c0-43ab-ba99-92750f81e335/3c9ea094-78e5-4658-b65b-d124072ba330.png,1017978,image/png,composite/other,yes,artist_looks.generated_image_url|artist_looks.generated_storage_path,yes
295,c955dbe6-5b9d-42c1-87c4-2388bcc68369/8d4a4d22-41c0-43ab-ba99-92750f81e335/3c9ea094-78e5-4658-b65b-d124072ba330_vton_raw.png,3ca10935-8c3d-4479-9a0c-8bfe8050840c/8d4a4d22-41c0-43ab-ba99-92750f81e335/3c9ea094-78e5-4658-b65b-d124072ba330_vton_raw.png,1017978,image/png,composite/other,yes,artist_looks.composition_recipe_json,yes
296,c955dbe6-5b9d-42c1-87c4-2388bcc68369/8d4a4d22-41c0-43ab-ba99-92750f81e335/8a02674c-117d-41c6-9197-c3b52c49b533_detail_debug.png,3ca10935-8c3d-4479-9a0c-8bfe8050840c/8d4a4d22-41c0-43ab-ba99-92750f81e335/8a02674c-117d-41c6-9197-c3b52c49b533_detail_debug.png,1637021,image/png,composite/other,yes,artist_looks.composition_recipe_json,yes
297,c955dbe6-5b9d-42c1-87c4-2388bcc68369/8d4a4d22-41c0-43ab-ba99-92750f81e335/8a02674c-117d-41c6-9197-c3b52c49b533_logo_composite.png,3ca10935-8c3d-4479-9a0c-8bfe8050840c/8d4a4d22-41c0-43ab-ba99-92750f81e335/8a02674c-117d-41c6-9197-c3b52c49b533_logo_composite.png,1632092,image/png,composite/other,yes,artist_looks.composition_recipe_json|artist_looks.generated_image_url|artist_looks.generated_storage_path,yes
298,c955dbe6-5b9d-42c1-87c4-2388bcc68369/8d4a4d22-41c0-43ab-ba99-92750f81e335/8a02674c-117d-41c6-9197-c3b52c49b533_vton_raw.png,3ca10935-8c3d-4479-9a0c-8bfe8050840c/8d4a4d22-41c0-43ab-ba99-92750f81e335/8a02674c-117d-41c6-9197-c3b52c49b533_vton_raw.png,861839,image/png,composite/other,yes,artist_looks.composition_recipe_json,yes
299,c955dbe6-5b9d-42c1-87c4-2388bcc68369/8d4a4d22-41c0-43ab-ba99-92750f81e335/8cecfddb-aec2-4ed7-9606-224d5e550439.png,3ca10935-8c3d-4479-9a0c-8bfe8050840c/8d4a4d22-41c0-43ab-ba99-92750f81e335/8cecfddb-aec2-4ed7-9606-224d5e550439.png,966386,image/png,composite/other,yes,artist_looks.generated_image_url|artist_looks.generated_storage_path,yes
300,c955dbe6-5b9d-42c1-87c4-2388bcc68369/8d4a4d22-41c0-43ab-ba99-92750f81e335/8cecfddb-aec2-4ed7-9606-224d5e550439_vton_raw.png,3ca10935-8c3d-4479-9a0c-8bfe8050840c/8d4a4d22-41c0-43ab-ba99-92750f81e335/8cecfddb-aec2-4ed7-9606-224d5e550439_vton_raw.png,966386,image/png,composite/other,yes,artist_looks.composition_recipe_json,yes
301,c955dbe6-5b9d-42c1-87c4-2388bcc68369/8d4a4d22-41c0-43ab-ba99-92750f81e335/ad3f0840-6a7a-46f1-a95c-cc16aa8d55f3_detail_debug.png,3ca10935-8c3d-4479-9a0c-8bfe8050840c/8d4a4d22-41c0-43ab-ba99-92750f81e335/ad3f0840-6a7a-46f1-a95c-cc16aa8d55f3_detail_debug.png,1637616,image/png,composite/other,yes,artist_looks.composition_recipe_json,yes
302,c955dbe6-5b9d-42c1-87c4-2388bcc68369/8d4a4d22-41c0-43ab-ba99-92750f81e335/ad3f0840-6a7a-46f1-a95c-cc16aa8d55f3_logo_composite.png,3ca10935-8c3d-4479-9a0c-8bfe8050840c/8d4a4d22-41c0-43ab-ba99-92750f81e335/ad3f0840-6a7a-46f1-a95c-cc16aa8d55f3_logo_composite.png,1631751,image/png,composite/other,yes,artist_looks.composition_recipe_json|artist_looks.generated_image_url|artist_looks.generated_storage_path,yes
303,c955dbe6-5b9d-42c1-87c4-2388bcc68369/8d4a4d22-41c0-43ab-ba99-92750f81e335/ad3f0840-6a7a-46f1-a95c-cc16aa8d55f3_vton_raw.png,3ca10935-8c3d-4479-9a0c-8bfe8050840c/8d4a4d22-41c0-43ab-ba99-92750f81e335/ad3f0840-6a7a-46f1-a95c-cc16aa8d55f3_vton_raw.png,861778,image/png,composite/other,yes,artist_looks.composition_recipe_json,yes
304,c955dbe6-5b9d-42c1-87c4-2388bcc68369/8d4a4d22-41c0-43ab-ba99-92750f81e335/b4188df7-8005-45b9-b0a0-98542a503350.png,3ca10935-8c3d-4479-9a0c-8bfe8050840c/8d4a4d22-41c0-43ab-ba99-92750f81e335/b4188df7-8005-45b9-b0a0-98542a503350.png,985905,image/png,composite/other,yes,artist_looks.generated_image_url|artist_looks.generated_storage_path,yes
305,c955dbe6-5b9d-42c1-87c4-2388bcc68369/8d4a4d22-41c0-43ab-ba99-92750f81e335/b4188df7-8005-45b9-b0a0-98542a503350_vton_raw.png,3ca10935-8c3d-4479-9a0c-8bfe8050840c/8d4a4d22-41c0-43ab-ba99-92750f81e335/b4188df7-8005-45b9-b0a0-98542a503350_vton_raw.png,985905,image/png,composite/other,yes,artist_looks.composition_recipe_json,yes
306,c955dbe6-5b9d-42c1-87c4-2388bcc68369/8d4a4d22-41c0-43ab-ba99-92750f81e335/e36cde91-e282-4f4e-bf39-517fa50d3643_detail_debug.png,3ca10935-8c3d-4479-9a0c-8bfe8050840c/8d4a4d22-41c0-43ab-ba99-92750f81e335/e36cde91-e282-4f4e-bf39-517fa50d3643_detail_debug.png,1637590,image/png,composite/other,yes,artist_looks.composition_recipe_json,yes
307,c955dbe6-5b9d-42c1-87c4-2388bcc68369/8d4a4d22-41c0-43ab-ba99-92750f81e335/e36cde91-e282-4f4e-bf39-517fa50d3643_logo_composite.png,3ca10935-8c3d-4479-9a0c-8bfe8050840c/8d4a4d22-41c0-43ab-ba99-92750f81e335/e36cde91-e282-4f4e-bf39-517fa50d3643_logo_composite.png,1631932,image/png,composite/other,yes,artist_looks.composition_recipe_json|artist_looks.generated_image_url|artist_looks.generated_storage_path,yes
308,c955dbe6-5b9d-42c1-87c4-2388bcc68369/8d4a4d22-41c0-43ab-ba99-92750f81e335/e36cde91-e282-4f4e-bf39-517fa50d3643_vton_raw.png,3ca10935-8c3d-4479-9a0c-8bfe8050840c/8d4a4d22-41c0-43ab-ba99-92750f81e335/e36cde91-e282-4f4e-bf39-517fa50d3643_vton_raw.png,861728,image/png,composite/other,yes,artist_looks.composition_recipe_json,yes
309,c955dbe6-5b9d-42c1-87c4-2388bcc68369/8d4a4d22-41c0-43ab-ba99-92750f81e335/f2794ac7-63d9-4798-91a7-28ed3a1bb8cf_detail_debug.png,3ca10935-8c3d-4479-9a0c-8bfe8050840c/8d4a4d22-41c0-43ab-ba99-92750f81e335/f2794ac7-63d9-4798-91a7-28ed3a1bb8cf_detail_debug.png,1636908,image/png,composite/other,yes,artist_looks.composition_recipe_json,yes
310,c955dbe6-5b9d-42c1-87c4-2388bcc68369/8d4a4d22-41c0-43ab-ba99-92750f81e335/f2794ac7-63d9-4798-91a7-28ed3a1bb8cf_logo_composite.png,3ca10935-8c3d-4479-9a0c-8bfe8050840c/8d4a4d22-41c0-43ab-ba99-92750f81e335/f2794ac7-63d9-4798-91a7-28ed3a1bb8cf_logo_composite.png,1635002,image/png,composite/other,yes,artist_looks.composition_recipe_json|artist_looks.generated_image_url|artist_looks.generated_storage_path,yes
311,c955dbe6-5b9d-42c1-87c4-2388bcc68369/8d4a4d22-41c0-43ab-ba99-92750f81e335/f2794ac7-63d9-4798-91a7-28ed3a1bb8cf_vton_raw.png,3ca10935-8c3d-4479-9a0c-8bfe8050840c/8d4a4d22-41c0-43ab-ba99-92750f81e335/f2794ac7-63d9-4798-91a7-28ed3a1bb8cf_vton_raw.png,861630,image/png,composite/other,yes,artist_looks.composition_recipe_json,yes
312,c955dbe6-5b9d-42c1-87c4-2388bcc68369/hero_frame_768_1782083213.png,3ca10935-8c3d-4479-9a0c-8bfe8050840c/hero_frame_768_1782083213.png,1199114,image/png,hero-frame,yes,artist_looks.composition_recipe_json,yes
313,f58a8449-2c57-4c9d-bd08-abeaa4972166/8d4a4d22-41c0-43ab-ba99-92750f81e335/6ef589ba-1d13-4bef-8932-d8f371f4aba1.png,3ca10935-8c3d-4479-9a0c-8bfe8050840c/8d4a4d22-41c0-43ab-ba99-92750f81e335/6ef589ba-1d13-4bef-8932-d8f371f4aba1.png,1045709,image/png,composite/other,yes,artist_looks.generated_image_url|artist_looks.generated_storage_path,yes
314,f58a8449-2c57-4c9d-bd08-abeaa4972166/8d4a4d22-41c0-43ab-ba99-92750f81e335/6ef589ba-1d13-4bef-8932-d8f371f4aba1_vton_raw.png,3ca10935-8c3d-4479-9a0c-8bfe8050840c/8d4a4d22-41c0-43ab-ba99-92750f81e335/6ef589ba-1d13-4bef-8932-d8f371f4aba1_vton_raw.png,1045709,image/png,composite/other,yes,artist_looks.composition_recipe_json,yes
